PRAGMA foreign_keys=OFF;
BEGIN TRANSACTION;
CREATE TABLE IF NOT EXISTS "__EFMigrationsHistory"("MigrationId" TEXT NOT NULL CONSTRAINT "PK___EFMigrationsHistory" PRIMARY KEY,"ProductVersion" TEXT NOT NULL);
INSERT INTO __EFMigrationsHistory VALUES('20210108115649_IM','5.0.1');
INSERT INTO __EFMigrationsHistory VALUES('20210108132509_IM2','5.0.1');
INSERT INTO __EFMigrationsHistory VALUES('20210108135827_IM3','5.0.1');
INSERT INTO __EFMigrationsHistory VALUES('20210108142227_IM4','5.0.1');
INSERT INTO __EFMigrationsHistory VALUES('20210108152353_IM5','5.0.1');
INSERT INTO __EFMigrationsHistory VALUES('20210116143925_IM6','5.0.1');
INSERT INTO __EFMigrationsHistory VALUES('20210117204336_IM7','5.0.1');
INSERT INTO __EFMigrationsHistory VALUES('20210124201724_IM8','5.0.1');
CREATE TABLE IF NOT EXISTS "Games"(
    "Id" INTEGER NOT NULL CONSTRAINT "PK_Games" PRIMARY KEY AUTOINCREMENT,
    "Current" INTEGER NOT NULL,
    "StartTime" TEXT NOT NULL,
    "FinishTime" TEXT NOT NULL
);
CREATE TABLE IF NOT EXISTS "Powers"(
    "Id" INTEGER NOT NULL CONSTRAINT "PK_Powers" PRIMARY KEY AUTOINCREMENT,
    "GameId" INTEGER NOT NULL,
    "Order" INTEGER NOT NULL,
    "Alive" INTEGER NOT NULL,
    "Final" INTEGER NOT NULL,
    "Income" INTEGER NOT NULL,
    "Money" INTEGER NOT NULL,
    "Soldiers" INTEGER NOT NULL
);
CREATE TABLE IF NOT EXISTS "Soldiers"("Id" INTEGER NOT NULL CONSTRAINT "PK_Soldiers" PRIMARY KEY AUTOINCREMENT);
INSERT INTO Soldiers VALUES(0);
INSERT INTO Soldiers VALUES(1);
INSERT INTO Soldiers VALUES(2);
INSERT INTO Soldiers VALUES(3);
INSERT INTO Soldiers VALUES(4);
INSERT INTO Soldiers VALUES(5);
INSERT INTO Soldiers VALUES(6);
INSERT INTO Soldiers VALUES(7);
INSERT INTO Soldiers VALUES(8);
INSERT INTO Soldiers VALUES(9);
INSERT INTO Soldiers VALUES(10);
INSERT INTO Soldiers VALUES(11);
INSERT INTO Soldiers VALUES(12);
INSERT INTO Soldiers VALUES(13);
INSERT INTO Soldiers VALUES(14);
INSERT INTO Soldiers VALUES(15);
INSERT INTO Soldiers VALUES(16);
INSERT INTO Soldiers VALUES(17);
INSERT INTO Soldiers VALUES(18);
INSERT INTO Soldiers VALUES(19);
INSERT INTO Soldiers VALUES(20);
INSERT INTO Soldiers VALUES(21);
INSERT INTO Soldiers VALUES(22);
INSERT INTO Soldiers VALUES(23);
INSERT INTO Soldiers VALUES(24);
INSERT INTO Soldiers VALUES(25);
INSERT INTO Soldiers VALUES(26);
INSERT INTO Soldiers VALUES(27);
INSERT INTO Soldiers VALUES(28);
INSERT INTO Soldiers VALUES(29);
INSERT INTO Soldiers VALUES(30);
INSERT INTO Soldiers VALUES(31);
INSERT INTO Soldiers VALUES(32);
INSERT INTO Soldiers VALUES(33);
INSERT INTO Soldiers VALUES(34);
INSERT INTO Soldiers VALUES(35);
INSERT INTO Soldiers VALUES(36);
INSERT INTO Soldiers VALUES(37);
INSERT INTO Soldiers VALUES(38);
INSERT INTO Soldiers VALUES(39);
INSERT INTO Soldiers VALUES(40);
INSERT INTO Soldiers VALUES(41);
INSERT INTO Soldiers VALUES(42);
INSERT INTO Soldiers VALUES(43);
INSERT INTO Soldiers VALUES(44);
INSERT INTO Soldiers VALUES(45);
INSERT INTO Soldiers VALUES(46);
INSERT INTO Soldiers VALUES(47);
INSERT INTO Soldiers VALUES(48);
INSERT INTO Soldiers VALUES(49);
INSERT INTO Soldiers VALUES(50);
INSERT INTO Soldiers VALUES(51);
INSERT INTO Soldiers VALUES(52);
INSERT INTO Soldiers VALUES(53);
INSERT INTO Soldiers VALUES(54);
INSERT INTO Soldiers VALUES(55);
INSERT INTO Soldiers VALUES(56);
INSERT INTO Soldiers VALUES(57);
INSERT INTO Soldiers VALUES(58);
INSERT INTO Soldiers VALUES(59);
INSERT INTO Soldiers VALUES(60);
INSERT INTO Soldiers VALUES(61);
INSERT INTO Soldiers VALUES(62);
INSERT INTO Soldiers VALUES(63);
INSERT INTO Soldiers VALUES(64);
INSERT INTO Soldiers VALUES(65);
INSERT INTO Soldiers VALUES(66);
INSERT INTO Soldiers VALUES(67);
INSERT INTO Soldiers VALUES(68);
INSERT INTO Soldiers VALUES(69);
INSERT INTO Soldiers VALUES(70);
INSERT INTO Soldiers VALUES(71);
INSERT INTO Soldiers VALUES(72);
INSERT INTO Soldiers VALUES(73);
INSERT INTO Soldiers VALUES(74);
INSERT INTO Soldiers VALUES(75);
INSERT INTO Soldiers VALUES(76);
INSERT INTO Soldiers VALUES(77);
INSERT INTO Soldiers VALUES(78);
INSERT INTO Soldiers VALUES(79);
INSERT INTO Soldiers VALUES(80);
INSERT INTO Soldiers VALUES(81);
INSERT INTO Soldiers VALUES(82);
INSERT INTO Soldiers VALUES(83);
INSERT INTO Soldiers VALUES(84);
INSERT INTO Soldiers VALUES(85);
INSERT INTO Soldiers VALUES(86);
INSERT INTO Soldiers VALUES(87);
INSERT INTO Soldiers VALUES(88);
INSERT INTO Soldiers VALUES(89);
INSERT INTO Soldiers VALUES(90);
INSERT INTO Soldiers VALUES(91);
INSERT INTO Soldiers VALUES(92);
INSERT INTO Soldiers VALUES(93);
INSERT INTO Soldiers VALUES(94);
INSERT INTO Soldiers VALUES(95);
INSERT INTO Soldiers VALUES(96);
INSERT INTO Soldiers VALUES(97);
INSERT INTO Soldiers VALUES(98);
INSERT INTO Soldiers VALUES(99);
INSERT INTO Soldiers VALUES(100);
INSERT INTO Soldiers VALUES(101);
INSERT INTO Soldiers VALUES(102);
INSERT INTO Soldiers VALUES(103);
INSERT INTO Soldiers VALUES(104);
INSERT INTO Soldiers VALUES(105);
INSERT INTO Soldiers VALUES(106);
INSERT INTO Soldiers VALUES(107);
INSERT INTO Soldiers VALUES(108);
INSERT INTO Soldiers VALUES(109);
INSERT INTO Soldiers VALUES(110);
INSERT INTO Soldiers VALUES(111);
INSERT INTO Soldiers VALUES(112);
INSERT INTO Soldiers VALUES(113);
INSERT INTO Soldiers VALUES(114);
INSERT INTO Soldiers VALUES(115);
INSERT INTO Soldiers VALUES(116);
INSERT INTO Soldiers VALUES(117);
INSERT INTO Soldiers VALUES(118);
INSERT INTO Soldiers VALUES(119);
INSERT INTO Soldiers VALUES(120);
INSERT INTO Soldiers VALUES(121);
INSERT INTO Soldiers VALUES(122);
INSERT INTO Soldiers VALUES(123);
INSERT INTO Soldiers VALUES(124);
INSERT INTO Soldiers VALUES(125);
CREATE TABLE IF NOT EXISTS "Sessions"(
    "Key" TEXT NOT NULL CONSTRAINT "PK_Sessions" PRIMARY KEY,
    "P" TEXT NOT NULL,
    CONSTRAINT "FK_Sessions_Players_P" FOREIGN KEY("P")REFERENCES "Players"("Name")ON DELETE CASCADE
);
CREATE TABLE IF NOT EXISTS "Shape"(
    "Id" INTEGER NOT NULL CONSTRAINT "PK_Shape" PRIMARY KEY AUTOINCREMENT,
    "CenterId" INTEGER NOT NULL,
    CONSTRAINT "FK_Shape_Point_CenterId" FOREIGN KEY("CenterId")REFERENCES "Point"("Id")ON DELETE CASCADE
);
INSERT INTO Shape VALUES(0,0);
INSERT INTO Shape VALUES(1,13);
INSERT INTO Shape VALUES(2,27);
INSERT INTO Shape VALUES(3,35);
INSERT INTO Shape VALUES(4,39);
INSERT INTO Shape VALUES(5,47);
INSERT INTO Shape VALUES(6,53);
INSERT INTO Shape VALUES(7,66);
INSERT INTO Shape VALUES(8,73);
INSERT INTO Shape VALUES(9,85);
INSERT INTO Shape VALUES(10,91);
INSERT INTO Shape VALUES(11,95);
INSERT INTO Shape VALUES(12,101);
INSERT INTO Shape VALUES(13,115);
INSERT INTO Shape VALUES(14,121);
INSERT INTO Shape VALUES(15,127);
INSERT INTO Shape VALUES(16,134);
INSERT INTO Shape VALUES(17,141);
INSERT INTO Shape VALUES(18,147);
INSERT INTO Shape VALUES(19,163);
INSERT INTO Shape VALUES(20,169);
INSERT INTO Shape VALUES(21,176);
INSERT INTO Shape VALUES(22,182);
INSERT INTO Shape VALUES(23,189);
INSERT INTO Shape VALUES(24,197);
INSERT INTO Shape VALUES(25,207);
INSERT INTO Shape VALUES(26,214);
INSERT INTO Shape VALUES(27,220);
INSERT INTO Shape VALUES(28,227);
INSERT INTO Shape VALUES(29,234);
INSERT INTO Shape VALUES(30,241);
INSERT INTO Shape VALUES(31,248);
INSERT INTO Shape VALUES(32,257);
INSERT INTO Shape VALUES(33,266);
INSERT INTO Shape VALUES(34,273);
INSERT INTO Shape VALUES(35,282);
INSERT INTO Shape VALUES(36,294);
INSERT INTO Shape VALUES(37,302);
INSERT INTO Shape VALUES(38,311);
INSERT INTO Shape VALUES(39,321);
INSERT INTO Shape VALUES(40,328);
INSERT INTO Shape VALUES(41,334);
INSERT INTO Shape VALUES(42,346);
INSERT INTO Shape VALUES(43,364);
INSERT INTO Shape VALUES(44,377);
INSERT INTO Shape VALUES(45,384);
INSERT INTO Shape VALUES(46,392);
INSERT INTO Shape VALUES(47,400);
INSERT INTO Shape VALUES(48,416);
INSERT INTO Shape VALUES(49,421);
INSERT INTO Shape VALUES(50,428);
INSERT INTO Shape VALUES(51,436);
INSERT INTO Shape VALUES(52,442);
INSERT INTO Shape VALUES(53,452);
INSERT INTO Shape VALUES(54,461);
INSERT INTO Shape VALUES(55,471);
INSERT INTO Shape VALUES(56,480);
INSERT INTO Shape VALUES(57,492);
INSERT INTO Shape VALUES(58,501);
INSERT INTO Shape VALUES(59,505);
INSERT INTO Shape VALUES(60,526);
INSERT INTO Shape VALUES(61,531);
INSERT INTO Shape VALUES(62,538);
INSERT INTO Shape VALUES(63,546);
INSERT INTO Shape VALUES(64,555);
INSERT INTO Shape VALUES(65,566);
INSERT INTO Shape VALUES(66,571);
INSERT INTO Shape VALUES(67,577);
INSERT INTO Shape VALUES(68,593);
INSERT INTO Shape VALUES(69,602);
INSERT INTO Shape VALUES(70,609);
INSERT INTO Shape VALUES(71,615);
INSERT INTO Shape VALUES(72,620);
INSERT INTO Shape VALUES(73,625);
INSERT INTO Shape VALUES(74,646);
INSERT INTO Shape VALUES(75,654);
INSERT INTO Shape VALUES(76,659);
INSERT INTO Shape VALUES(77,664);
INSERT INTO Shape VALUES(78,674);
INSERT INTO Shape VALUES(79,679);
INSERT INTO Shape VALUES(80,698);
INSERT INTO Shape VALUES(81,703);
INSERT INTO Shape VALUES(82,709);
INSERT INTO Shape VALUES(83,719);
INSERT INTO Shape VALUES(84,725);
INSERT INTO Shape VALUES(85,736);
INSERT INTO Shape VALUES(86,742);
INSERT INTO Shape VALUES(87,756);
INSERT INTO Shape VALUES(88,763);
INSERT INTO Shape VALUES(89,768);
INSERT INTO Shape VALUES(90,777);
INSERT INTO Shape VALUES(91,784);
INSERT INTO Shape VALUES(92,797);
INSERT INTO Shape VALUES(93,804);
INSERT INTO Shape VALUES(94,811);
INSERT INTO Shape VALUES(95,817);
INSERT INTO Shape VALUES(96,825);
INSERT INTO Shape VALUES(97,830);
INSERT INTO Shape VALUES(98,838);
INSERT INTO Shape VALUES(99,845);
INSERT INTO Shape VALUES(100,849);
INSERT INTO Shape VALUES(101,855);
INSERT INTO Shape VALUES(102,865);
INSERT INTO Shape VALUES(103,870);
INSERT INTO Shape VALUES(104,880);
INSERT INTO Shape VALUES(105,883);
INSERT INTO Shape VALUES(106,886);
INSERT INTO Shape VALUES(107,890);
INSERT INTO Shape VALUES(108,894);
INSERT INTO Shape VALUES(109,898);
INSERT INTO Shape VALUES(110,902);
INSERT INTO Shape VALUES(111,906);
INSERT INTO Shape VALUES(112,909);
INSERT INTO Shape VALUES(113,913);
INSERT INTO Shape VALUES(114,916);
INSERT INTO Shape VALUES(115,920);
INSERT INTO Shape VALUES(116,923);
INSERT INTO Shape VALUES(117,927);
INSERT INTO Shape VALUES(118,931);
INSERT INTO Shape VALUES(119,934);
INSERT INTO Shape VALUES(120,938);
INSERT INTO Shape VALUES(121,942);
INSERT INTO Shape VALUES(122,946);
INSERT INTO Shape VALUES(123,950);
INSERT INTO Shape VALUES(124,954);
INSERT INTO Shape VALUES(125,957);
CREATE TABLE IF NOT EXISTS "Point"(
    "Id" INTEGER NOT NULL CONSTRAINT "PK_Point" PRIMARY KEY AUTOINCREMENT,
    "X" REAL NOT NULL,
    "Y" REAL NOT NULL,
    "ShapeId1" INTEGER NULL,
    CONSTRAINT "FK_Point_Shape_ShapeId1" FOREIGN KEY("ShapeId1")REFERENCES "Shape"("Id")ON DELETE RESTRICT
);
INSERT INTO Point VALUES(0,0.05,0.08,NULL);
INSERT INTO Point VALUES(1,0.0,0.0,0);
INSERT INTO Point VALUES(2,0.07,0.0,0);
INSERT INTO Point VALUES(3,0.08,0.02,0);
INSERT INTO Point VALUES(4,0.11,0.03,0);
INSERT INTO Point VALUES(5,0.12,0.09,0);
INSERT INTO Point VALUES(6,0.12,0.1,0);
INSERT INTO Point VALUES(7,0.07,0.11,0);
INSERT INTO Point VALUES(8,0.08,0.14,0);
INSERT INTO Point VALUES(9,0.03,0.17,0);
INSERT INTO Point VALUES(10,0.1,0.2,0);
INSERT INTO Point VALUES(11,0.02,0.25,0);
INSERT INTO Point VALUES(12,0.0,0.25,0);
INSERT INTO Point VALUES(13,0.335,0.1,NULL);
INSERT INTO Point VALUES(14,0.18,0.0,1);
INSERT INTO Point VALUES(15,0.49,0.0,1);
INSERT INTO Point VALUES(16,0.49,0.06,1);
INSERT INTO Point VALUES(17,0.49,0.07,1);
INSERT INTO Point VALUES(18,0.5,0.11,1);
INSERT INTO Point VALUES(19,0.44,0.13,1);
INSERT INTO Point VALUES(20,0.35,0.14,1);
INSERT INTO Point VALUES(21,0.28,0.24,1);
INSERT INTO Point VALUES(22,0.26,0.18,1);
INSERT INTO Point VALUES(23,0.26,0.15,1);
INSERT INTO Point VALUES(24,0.22,0.13,1);
INSERT INTO Point VALUES(25,0.21,0.07,1);
INSERT INTO Point VALUES(26,0.18,0.03,1);
INSERT INTO Point VALUES(27,0.14,0.03,NULL);
INSERT INTO Point VALUES(28,0.07,0.0,2);
INSERT INTO Point VALUES(29,0.18,0.0,2);
INSERT INTO Point VALUES(30,0.18,0.03,2);
INSERT INTO Point VALUES(31,0.21,0.07,2);
INSERT INTO Point VALUES(32,0.12,0.09,2);
INSERT INTO Point VALUES(33,0.11,0.03,2);
INSERT INTO Point VALUES(34,0.08,0.02,2);
INSERT INTO Point VALUES(35,0.903,0.033,NULL);
INSERT INTO Point VALUES(36,0.93,0.01,3);
INSERT INTO Point VALUES(37,0.84,0.04,3);
INSERT INTO Point VALUES(38,0.94,0.05,3);
INSERT INTO Point VALUES(39,0.848,0.08,NULL);
INSERT INTO Point VALUES(40,0.84,0.04,4);
INSERT INTO Point VALUES(41,0.94,0.05,4);
INSERT INTO Point VALUES(42,0.97,0.09,4);
INSERT INTO Point VALUES(43,0.9,0.1,4);
INSERT INTO Point VALUES(44,0.8,0.12,4);
INSERT INTO Point VALUES(45,0.78,0.13,4);
INSERT INTO Point VALUES(46,0.76,0.05,4);
INSERT INTO Point VALUES(47,0.734,0.102,NULL);
INSERT INTO Point VALUES(48,0.76,0.05,5);
INSERT INTO Point VALUES(49,0.69,0.07,5);
INSERT INTO Point VALUES(50,0.68,0.13,5);
INSERT INTO Point VALUES(51,0.76,0.13,5);
INSERT INTO Point VALUES(52,0.78,0.13,5);
INSERT INTO Point VALUES(53,0.515,0.08,NULL);
INSERT INTO Point VALUES(54,0.49,0.06,6);
INSERT INTO Point VALUES(55,0.5,0.06,6);
INSERT INTO Point VALUES(56,0.51,0.06,6);
INSERT INTO Point VALUES(57,0.52,0.06,6);
INSERT INTO Point VALUES(58,0.53,0.08,6);
INSERT INTO Point VALUES(59,0.56,0.09,6);
INSERT INTO Point VALUES(60,0.56,0.12,6);
INSERT INTO Point VALUES(61,0.54,0.115,6);
INSERT INTO Point VALUES(62,0.53,0.1,6);
INSERT INTO Point VALUES(63,0.52,0.115,6);
INSERT INTO Point VALUES(64,0.5,0.11,6);
INSERT INTO Point VALUES(65,0.49,0.07,6);
INSERT INTO Point VALUES(66,0.633,0.113,NULL);
INSERT INTO Point VALUES(67,0.69,0.07,7);
INSERT INTO Point VALUES(68,0.68,0.13,7);
INSERT INTO Point VALUES(69,0.67,0.14,7);
INSERT INTO Point VALUES(70,0.64,0.13,7);
INSERT INTO Point VALUES(71,0.56,0.12,7);
INSERT INTO Point VALUES(72,0.56,0.09,7);
INSERT INTO Point VALUES(73,0.182,0.168,NULL);
INSERT INTO Point VALUES(74,0.21,0.07,8);
INSERT INTO Point VALUES(75,0.12,0.09,8);
INSERT INTO Point VALUES(76,0.12,0.1,8);
INSERT INTO Point VALUES(77,0.1,0.2,8);
INSERT INTO Point VALUES(78,0.02,0.25,8);
INSERT INTO Point VALUES(79,0.23,0.24,8);
INSERT INTO Point VALUES(80,0.24,0.23,8);
INSERT INTO Point VALUES(81,0.22,0.21,8);
INSERT INTO Point VALUES(82,0.26,0.18,8);
INSERT INTO Point VALUES(83,0.26,0.15,8);
INSERT INTO Point VALUES(84,0.22,0.13,8);
INSERT INTO Point VALUES(85,0.86,0.16,NULL);
INSERT INTO Point VALUES(86,0.9,0.1,9);
INSERT INTO Point VALUES(87,0.92,0.19,9);
INSERT INTO Point VALUES(88,0.82,0.2,9);
INSERT INTO Point VALUES(89,0.81,0.19,9);
INSERT INTO Point VALUES(90,0.8,0.12,9);
INSERT INTO Point VALUES(91,0.53,0.12,NULL);
INSERT INTO Point VALUES(92,0.53,0.1,10);
INSERT INTO Point VALUES(93,0.54,0.115,10);
INSERT INTO Point VALUES(94,0.52,0.115,10);
INSERT INTO Point VALUES(95,0.08,0.144,NULL);
INSERT INTO Point VALUES(96,0.12,0.1,11);
INSERT INTO Point VALUES(97,0.07,0.11,11);
INSERT INTO Point VALUES(98,0.08,0.14,11);
INSERT INTO Point VALUES(99,0.03,0.17,11);
INSERT INTO Point VALUES(100,0.1,0.2,11);
INSERT INTO Point VALUES(101,0.52,0.166,NULL);
INSERT INTO Point VALUES(102,0.5,0.11,12);
INSERT INTO Point VALUES(103,0.44,0.13,12);
INSERT INTO Point VALUES(104,0.42,0.2,12);
INSERT INTO Point VALUES(105,0.51,0.21,12);
INSERT INTO Point VALUES(106,0.52,0.23,12);
INSERT INTO Point VALUES(107,0.54,0.24,12);
INSERT INTO Point VALUES(108,0.56,0.23,12);
INSERT INTO Point VALUES(109,0.58,0.17,12);
INSERT INTO Point VALUES(110,0.63,0.16,12);
INSERT INTO Point VALUES(111,0.64,0.13,12);
INSERT INTO Point VALUES(112,0.56,0.12,12);
INSERT INTO Point VALUES(113,0.54,0.115,12);
INSERT INTO Point VALUES(114,0.52,0.115,12);
INSERT INTO Point VALUES(115,0.782,0.158,NULL);
INSERT INTO Point VALUES(116,0.8,0.12,13);
INSERT INTO Point VALUES(117,0.78,0.13,13);
INSERT INTO Point VALUES(118,0.76,0.13,13);
INSERT INTO Point VALUES(119,0.76,0.22,13);
INSERT INTO Point VALUES(120,0.81,0.19,13);
INSERT INTO Point VALUES(121,0.378,0.186,NULL);
INSERT INTO Point VALUES(122,0.44,0.13,14);
INSERT INTO Point VALUES(123,0.42,0.2,14);
INSERT INTO Point VALUES(124,0.4,0.22,14);
INSERT INTO Point VALUES(125,0.28,0.24,14);
INSERT INTO Point VALUES(126,0.35,0.14,14);
INSERT INTO Point VALUES(127,0.652,0.187,NULL);
INSERT INTO Point VALUES(128,0.64,0.13,15);
INSERT INTO Point VALUES(129,0.67,0.14,15);
INSERT INTO Point VALUES(130,0.68,0.22,15);
INSERT INTO Point VALUES(131,0.67,0.24,15);
INSERT INTO Point VALUES(132,0.62,0.23,15);
INSERT INTO Point VALUES(133,0.63,0.16,15);
INSERT INTO Point VALUES(134,0.717,0.178,NULL);
INSERT INTO Point VALUES(135,0.68,0.13,16);
INSERT INTO Point VALUES(136,0.76,0.13,16);
INSERT INTO Point VALUES(137,0.76,0.22,16);
INSERT INTO Point VALUES(138,0.75,0.23,16);
INSERT INTO Point VALUES(139,0.68,0.22,16);
INSERT INTO Point VALUES(140,0.67,0.14,16);
INSERT INTO Point VALUES(141,0.6,0.206,NULL);
INSERT INTO Point VALUES(142,0.63,0.16,17);
INSERT INTO Point VALUES(143,0.62,0.23,17);
INSERT INTO Point VALUES(144,0.61,0.24,17);
INSERT INTO Point VALUES(145,0.56,0.23,17);
INSERT INTO Point VALUES(146,0.58,0.17,17);
INSERT INTO Point VALUES(147,0.148,0.276,NULL);
INSERT INTO Point VALUES(148,0.26,0.18,18);
INSERT INTO Point VALUES(149,0.28,0.24,18);
INSERT INTO Point VALUES(150,0.27,0.25,18);
INSERT INTO Point VALUES(151,0.24,0.26,18);
INSERT INTO Point VALUES(152,0.2,0.3,18);
INSERT INTO Point VALUES(153,0.16,0.29,18);
INSERT INTO Point VALUES(154,0.08,0.36,18);
INSERT INTO Point VALUES(155,0.01,0.34,18);
INSERT INTO Point VALUES(156,0.005,0.37,18);
INSERT INTO Point VALUES(157,0.0,0.37,18);
INSERT INTO Point VALUES(158,0.0,0.25,18);
INSERT INTO Point VALUES(159,0.02,0.25,18);
INSERT INTO Point VALUES(160,0.23,0.24,18);
INSERT INTO Point VALUES(161,0.24,0.23,18);
INSERT INTO Point VALUES(162,0.22,0.21,18);
INSERT INTO Point VALUES(163,0.974,0.263,NULL);
INSERT INTO Point VALUES(164,0.95,0.19,19);
INSERT INTO Point VALUES(165,0.95,0.27,19);
INSERT INTO Point VALUES(166,0.99,0.29,19);
INSERT INTO Point VALUES(167,1.0,0.29,19);
INSERT INTO Point VALUES(168,1.0,0.2,19);
INSERT INTO Point VALUES(169,0.797,0.235,NULL);
INSERT INTO Point VALUES(170,0.81,0.19,20);
INSERT INTO Point VALUES(171,0.82,0.2,20);
INSERT INTO Point VALUES(172,0.84,0.28,20);
INSERT INTO Point VALUES(173,0.8,0.29,20);
INSERT INTO Point VALUES(174,0.75,0.23,20);
INSERT INTO Point VALUES(175,0.76,0.22,20);
INSERT INTO Point VALUES(176,0.89,0.235,NULL);
INSERT INTO Point VALUES(177,0.92,0.19,21);
INSERT INTO Point VALUES(178,0.95,0.19,21);
INSERT INTO Point VALUES(179,0.95,0.27,21);
INSERT INTO Point VALUES(180,0.84,0.28,21);
INSERT INTO Point VALUES(181,0.82,0.2,21);
INSERT INTO Point VALUES(182,0.457,0.233,NULL);
INSERT INTO Point VALUES(183,0.42,0.2,22);
INSERT INTO Point VALUES(184,0.51,0.21,22);
INSERT INTO Point VALUES(185,0.52,0.23,22);
INSERT INTO Point VALUES(186,0.49,0.24,22);
INSERT INTO Point VALUES(187,0.4,0.3,22);
INSERT INTO Point VALUES(188,0.4,0.22,22);
INSERT INTO Point VALUES(189,0.343,0.286,NULL);
INSERT INTO Point VALUES(190,0.4,0.22,23);
INSERT INTO Point VALUES(191,0.28,0.24,23);
INSERT INTO Point VALUES(192,0.27,0.25,23);
INSERT INTO Point VALUES(193,0.31,0.32,23);
INSERT INTO Point VALUES(194,0.35,0.33,23);
INSERT INTO Point VALUES(195,0.41,0.35,23);
INSERT INTO Point VALUES(196,0.4,0.3,23);
INSERT INTO Point VALUES(197,0.736,0.268,NULL);
INSERT INTO Point VALUES(198,0.68,0.22,24);
INSERT INTO Point VALUES(199,0.67,0.24,24);
INSERT INTO Point VALUES(200,0.67,0.27,24);
INSERT INTO Point VALUES(201,0.72,0.27,24);
INSERT INTO Point VALUES(202,0.75,0.3,24);
INSERT INTO Point VALUES(203,0.78,0.29,24);
INSERT INTO Point VALUES(204,0.8,0.3,24);
INSERT INTO Point VALUES(205,0.8,0.29,24);
INSERT INTO Point VALUES(206,0.75,0.23,24);
INSERT INTO Point VALUES(207,0.518,0.278,NULL);
INSERT INTO Point VALUES(208,0.52,0.23,25);
INSERT INTO Point VALUES(209,0.49,0.24,25);
INSERT INTO Point VALUES(210,0.49,0.33,25);
INSERT INTO Point VALUES(211,0.53,0.32,25);
INSERT INTO Point VALUES(212,0.54,0.31,25);
INSERT INTO Point VALUES(213,0.54,0.24,25);
INSERT INTO Point VALUES(214,0.57,0.266,NULL);
INSERT INTO Point VALUES(215,0.56,0.23,26);
INSERT INTO Point VALUES(216,0.54,0.24,26);
INSERT INTO Point VALUES(217,0.54,0.31,26);
INSERT INTO Point VALUES(218,0.6,0.31,26);
INSERT INTO Point VALUES(219,0.61,0.24,26);
INSERT INTO Point VALUES(220,0.63,0.267,NULL);
INSERT INTO Point VALUES(221,0.62,0.23,27);
INSERT INTO Point VALUES(222,0.61,0.24,27);
INSERT INTO Point VALUES(223,0.6,0.31,27);
INSERT INTO Point VALUES(224,0.61,0.31,27);
INSERT INTO Point VALUES(225,0.67,0.27,27);
INSERT INTO Point VALUES(226,0.67,0.24,27);
INSERT INTO Point VALUES(227,0.448,0.316,NULL);
INSERT INTO Point VALUES(228,0.49,0.24,28);
INSERT INTO Point VALUES(229,0.49,0.33,28);
INSERT INTO Point VALUES(230,0.45,0.36,28);
INSERT INTO Point VALUES(231,0.43,0.36,28);
INSERT INTO Point VALUES(232,0.41,0.35,28);
INSERT INTO Point VALUES(233,0.4,0.3,28);
INSERT INTO Point VALUES(234,0.265,0.312,NULL);
INSERT INTO Point VALUES(235,0.27,0.25,29);
INSERT INTO Point VALUES(236,0.31,0.32,29);
INSERT INTO Point VALUES(237,0.29,0.38,29);
INSERT INTO Point VALUES(238,0.25,0.36,29);
INSERT INTO Point VALUES(239,0.23,0.34,29);
INSERT INTO Point VALUES(240,0.24,0.26,29);
INSERT INTO Point VALUES(241,0.19,0.34,NULL);
INSERT INTO Point VALUES(242,0.24,0.26,30);
INSERT INTO Point VALUES(243,0.2,0.3,30);
INSERT INTO Point VALUES(244,0.16,0.29,30);
INSERT INTO Point VALUES(245,0.14,0.35,30);
INSERT INTO Point VALUES(246,0.16,0.39,30);
INSERT INTO Point VALUES(247,0.23,0.34,30);
INSERT INTO Point VALUES(248,0.679,0.333,NULL);
INSERT INTO Point VALUES(249,0.67,0.27,31);
INSERT INTO Point VALUES(250,0.72,0.27,31);
INSERT INTO Point VALUES(251,0.75,0.3,31);
INSERT INTO Point VALUES(252,0.72,0.38,31);
INSERT INTO Point VALUES(253,0.68,0.4,31);
INSERT INTO Point VALUES(254,0.66,0.39,31);
INSERT INTO Point VALUES(255,0.62,0.34,31);
INSERT INTO Point VALUES(256,0.61,0.31,31);
INSERT INTO Point VALUES(257,0.882,0.304,NULL);
INSERT INTO Point VALUES(258,0.95,0.27,32);
INSERT INTO Point VALUES(259,0.84,0.28,32);
INSERT INTO Point VALUES(260,0.8,0.29,32);
INSERT INTO Point VALUES(261,0.8,0.3,32);
INSERT INTO Point VALUES(262,0.84,0.33,32);
INSERT INTO Point VALUES(263,0.88,0.34,32);
INSERT INTO Point VALUES(264,0.96,0.33,32);
INSERT INTO Point VALUES(265,0.99,0.29,32);
INSERT INTO Point VALUES(266,0.08,0.385,NULL);
INSERT INTO Point VALUES(267,0.16,0.29,33);
INSERT INTO Point VALUES(268,0.08,0.36,33);
INSERT INTO Point VALUES(269,0.01,0.34,33);
INSERT INTO Point VALUES(270,0.005,0.37,33);
INSERT INTO Point VALUES(271,0.09,0.43,33);
INSERT INTO Point VALUES(272,0.14,0.35,33);
INSERT INTO Point VALUES(273,0.779,0.342,NULL);
INSERT INTO Point VALUES(274,0.78,0.29,34);
INSERT INTO Point VALUES(275,0.75,0.3,34);
INSERT INTO Point VALUES(276,0.72,0.38,34);
INSERT INTO Point VALUES(277,0.75,0.39,34);
INSERT INTO Point VALUES(278,0.78,0.38,34);
INSERT INTO Point VALUES(279,0.81,0.37,34);
INSERT INTO Point VALUES(280,0.84,0.33,34);
INSERT INTO Point VALUES(281,0.8,0.3,34);
INSERT INTO Point VALUES(282,0.586,0.382,NULL);
INSERT INTO Point VALUES(283,0.61,0.31,35);
INSERT INTO Point VALUES(284,0.6,0.31,35);
INSERT INTO Point VALUES(285,0.54,0.31,35);
INSERT INTO Point VALUES(286,0.53,0.32,35);
INSERT INTO Point VALUES(287,0.53,0.446,35);
INSERT INTO Point VALUES(288,0.534,0.45,35);
INSERT INTO Point VALUES(289,0.57,0.46,35);
INSERT INTO Point VALUES(290,0.62,0.45,35);
INSERT INTO Point VALUES(291,0.63,0.42,35);
INSERT INTO Point VALUES(292,0.66,0.39,35);
INSERT INTO Point VALUES(293,0.62,0.34,35);
INSERT INTO Point VALUES(294,0.36,0.39,NULL);
INSERT INTO Point VALUES(295,0.35,0.33,36);
INSERT INTO Point VALUES(296,0.31,0.32,36);
INSERT INTO Point VALUES(297,0.29,0.38,36);
INSERT INTO Point VALUES(298,0.3,0.44,36);
INSERT INTO Point VALUES(299,0.37,0.43,36);
INSERT INTO Point VALUES(300,0.43,0.36,36);
INSERT INTO Point VALUES(301,0.41,0.35,36);
INSERT INTO Point VALUES(302,0.486,0.405,NULL);
INSERT INTO Point VALUES(303,0.53,0.32,37);
INSERT INTO Point VALUES(304,0.53,0.446,37);
INSERT INTO Point VALUES(305,0.526,0.45,37);
INSERT INTO Point VALUES(306,0.48,0.43,37);
INSERT INTO Point VALUES(307,0.46,0.45,37);
INSERT INTO Point VALUES(308,0.42,0.45,37);
INSERT INTO Point VALUES(309,0.45,0.36,37);
INSERT INTO Point VALUES(310,0.49,0.33,37);
INSERT INTO Point VALUES(311,0.861,0.371,NULL);
INSERT INTO Point VALUES(312,0.84,0.33,38);
INSERT INTO Point VALUES(313,0.88,0.34,38);
INSERT INTO Point VALUES(314,0.96,0.33,38);
INSERT INTO Point VALUES(315,0.95,0.38,38);
INSERT INTO Point VALUES(316,0.9,0.38,38);
INSERT INTO Point VALUES(317,0.84,0.42,38);
INSERT INTO Point VALUES(318,0.79,0.41,38);
INSERT INTO Point VALUES(319,0.78,0.38,38);
INSERT INTO Point VALUES(320,0.81,0.37,38);
INSERT INTO Point VALUES(321,0.15,0.43,NULL);
INSERT INTO Point VALUES(322,0.14,0.35,39);
INSERT INTO Point VALUES(323,0.16,0.39,39);
INSERT INTO Point VALUES(324,0.22,0.42,39);
INSERT INTO Point VALUES(325,0.2,0.47,39);
INSERT INTO Point VALUES(326,0.1,0.48,39);
INSERT INTO Point VALUES(327,0.09,0.43,39);
INSERT INTO Point VALUES(328,0.268,0.402,NULL);
INSERT INTO Point VALUES(329,0.25,0.36,40);
INSERT INTO Point VALUES(330,0.24,0.41,40);
INSERT INTO Point VALUES(331,0.26,0.43,40);
INSERT INTO Point VALUES(332,0.3,0.44,40);
INSERT INTO Point VALUES(333,0.29,0.38,40);
INSERT INTO Point VALUES(334,0.05,0.5,NULL);
INSERT INTO Point VALUES(335,0.0,0.37,41);
INSERT INTO Point VALUES(336,0.005,0.37,41);
INSERT INTO Point VALUES(337,0.09,0.43,41);
INSERT INTO Point VALUES(338,0.1,0.48,41);
INSERT INTO Point VALUES(339,0.09,0.55,41);
INSERT INTO Point VALUES(340,0.06,0.64,41);
INSERT INTO Point VALUES(341,0.05,0.71,41);
INSERT INTO Point VALUES(342,0.02,0.77,41);
INSERT INTO Point VALUES(343,0.01,0.83,41);
INSERT INTO Point VALUES(344,0.02,0.87,41);
INSERT INTO Point VALUES(345,0.0,0.87,41);
INSERT INTO Point VALUES(346,0.65,0.443,NULL);
INSERT INTO Point VALUES(347,0.72,0.38,42);
INSERT INTO Point VALUES(348,0.75,0.39,42);
INSERT INTO Point VALUES(349,0.78,0.38,42);
INSERT INTO Point VALUES(350,0.79,0.41,42);
INSERT INTO Point VALUES(351,0.75,0.49,42);
INSERT INTO Point VALUES(352,0.68,0.51,42);
INSERT INTO Point VALUES(353,0.66,0.5,42);
INSERT INTO Point VALUES(354,0.62,0.48,42);
INSERT INTO Point VALUES(355,0.53,0.49,42);
INSERT INTO Point VALUES(356,0.52,0.47,42);
INSERT INTO Point VALUES(357,0.53,0.454,42);
INSERT INTO Point VALUES(358,0.534,0.45,42);
INSERT INTO Point VALUES(359,0.57,0.46,42);
INSERT INTO Point VALUES(360,0.62,0.45,42);
INSERT INTO Point VALUES(361,0.63,0.42,42);
INSERT INTO Point VALUES(362,0.66,0.39,42);
INSERT INTO Point VALUES(363,0.68,0.4,42);
INSERT INTO Point VALUES(364,0.867,0.46,NULL);
INSERT INTO Point VALUES(365,0.9,0.38,43);
INSERT INTO Point VALUES(366,0.95,0.38,43);
INSERT INTO Point VALUES(367,0.99,0.39,43);
INSERT INTO Point VALUES(368,0.95,0.48,43);
INSERT INTO Point VALUES(369,0.92,0.5,43);
INSERT INTO Point VALUES(370,0.88,0.51,43);
INSERT INTO Point VALUES(371,0.85,0.53,43);
INSERT INTO Point VALUES(372,0.82,0.53,43);
INSERT INTO Point VALUES(373,0.76,0.51,43);
INSERT INTO Point VALUES(374,0.75,0.49,43);
INSERT INTO Point VALUES(375,0.79,0.41,43);
INSERT INTO Point VALUES(376,0.84,0.42,43);
INSERT INTO Point VALUES(377,0.973,0.49,NULL);
INSERT INTO Point VALUES(378,0.99,0.39,44);
INSERT INTO Point VALUES(379,1.0,0.39,44);
INSERT INTO Point VALUES(380,1.0,0.56,44);
INSERT INTO Point VALUES(381,0.98,0.57,44);
INSERT INTO Point VALUES(382,0.92,0.5,44);
INSERT INTO Point VALUES(383,0.95,0.48,44);
INSERT INTO Point VALUES(384,0.235,0.453,NULL);
INSERT INTO Point VALUES(385,0.24,0.41,45);
INSERT INTO Point VALUES(386,0.22,0.42,45);
INSERT INTO Point VALUES(387,0.2,0.47,45);
INSERT INTO Point VALUES(388,0.22,0.49,45);
INSERT INTO Point VALUES(389,0.24,0.5,45);
INSERT INTO Point VALUES(390,0.26,0.48,45);
INSERT INTO Point VALUES(391,0.26,0.43,45);
INSERT INTO Point VALUES(392,0.33,0.47,NULL);
INSERT INTO Point VALUES(393,0.3,0.44,46);
INSERT INTO Point VALUES(394,0.26,0.43,46);
INSERT INTO Point VALUES(395,0.26,0.48,46);
INSERT INTO Point VALUES(396,0.35,0.51,46);
INSERT INTO Point VALUES(397,0.39,0.5,46);
INSERT INTO Point VALUES(398,0.4,0.48,46);
INSERT INTO Point VALUES(399,0.37,0.43,46);
INSERT INTO Point VALUES(400,0.47,0.486,NULL);
INSERT INTO Point VALUES(401,0.48,0.43,47);
INSERT INTO Point VALUES(402,0.46,0.45,47);
INSERT INTO Point VALUES(403,0.42,0.45,47);
INSERT INTO Point VALUES(404,0.4,0.48,47);
INSERT INTO Point VALUES(405,0.39,0.5,47);
INSERT INTO Point VALUES(406,0.41,0.5,47);
INSERT INTO Point VALUES(407,0.42,0.53,47);
INSERT INTO Point VALUES(408,0.45,0.53,47);
INSERT INTO Point VALUES(409,0.49,0.54,47);
INSERT INTO Point VALUES(410,0.5,0.51,47);
INSERT INTO Point VALUES(411,0.52,0.51,47);
INSERT INTO Point VALUES(412,0.53,0.49,47);
INSERT INTO Point VALUES(413,0.52,0.47,47);
INSERT INTO Point VALUES(414,0.53,0.454,47);
INSERT INTO Point VALUES(415,0.526,0.45,47);
INSERT INTO Point VALUES(416,0.53,0.45,NULL);
INSERT INTO Point VALUES(417,0.53,0.446,48);
INSERT INTO Point VALUES(418,0.526,0.45,48);
INSERT INTO Point VALUES(419,0.53,0.454,48);
INSERT INTO Point VALUES(420,0.534,0.45,48);
INSERT INTO Point VALUES(421,0.14,0.55,NULL);
INSERT INTO Point VALUES(422,0.2,0.47,49);
INSERT INTO Point VALUES(423,0.1,0.48,49);
INSERT INTO Point VALUES(424,0.09,0.55,49);
INSERT INTO Point VALUES(425,0.13,0.65,49);
INSERT INTO Point VALUES(426,0.19,0.57,49);
INSERT INTO Point VALUES(427,0.22,0.49,49);
INSERT INTO Point VALUES(428,0.643,0.53,NULL);
INSERT INTO Point VALUES(429,0.62,0.48,50);
INSERT INTO Point VALUES(430,0.66,0.5,50);
INSERT INTO Point VALUES(431,0.68,0.51,50);
INSERT INTO Point VALUES(432,0.68,0.53,50);
INSERT INTO Point VALUES(433,0.64,0.58,50);
INSERT INTO Point VALUES(434,0.61,0.57,50);
INSERT INTO Point VALUES(435,0.61,0.55,50);
INSERT INTO Point VALUES(436,0.568,0.514,NULL);
INSERT INTO Point VALUES(437,0.62,0.48,51);
INSERT INTO Point VALUES(438,0.61,0.55,51);
INSERT INTO Point VALUES(439,0.56,0.54,51);
INSERT INTO Point VALUES(440,0.52,0.51,51);
INSERT INTO Point VALUES(441,0.53,0.49,51);
INSERT INTO Point VALUES(442,0.38,0.56,NULL);
INSERT INTO Point VALUES(443,0.35,0.58,52);
INSERT INTO Point VALUES(444,0.35,0.51,52);
INSERT INTO Point VALUES(445,0.35,0.51,52);
INSERT INTO Point VALUES(446,0.39,0.5,52);
INSERT INTO Point VALUES(447,0.41,0.5,52);
INSERT INTO Point VALUES(448,0.42,0.53,52);
INSERT INTO Point VALUES(449,0.41,0.56,52);
INSERT INTO Point VALUES(450,0.41,0.57,52);
INSERT INTO Point VALUES(451,0.4,0.59,52);
INSERT INTO Point VALUES(452,0.716,0.527,NULL);
INSERT INTO Point VALUES(453,0.75,0.49,53);
INSERT INTO Point VALUES(454,0.68,0.51,53);
INSERT INTO Point VALUES(455,0.68,0.53,53);
INSERT INTO Point VALUES(456,0.69,0.55,53);
INSERT INTO Point VALUES(457,0.7,0.55,53);
INSERT INTO Point VALUES(458,0.73,0.55,53);
INSERT INTO Point VALUES(459,0.74,0.53,53);
INSERT INTO Point VALUES(460,0.76,0.51,53);
INSERT INTO Point VALUES(461,0.924,0.592,NULL);
INSERT INTO Point VALUES(462,0.92,0.5,54);
INSERT INTO Point VALUES(463,0.88,0.51,54);
INSERT INTO Point VALUES(464,0.85,0.53,54);
INSERT INTO Point VALUES(465,0.86,0.56,54);
INSERT INTO Point VALUES(466,0.87,0.63,54);
INSERT INTO Point VALUES(467,0.93,0.67,54);
INSERT INTO Point VALUES(468,1.0,0.68,54);
INSERT INTO Point VALUES(469,1.0,0.56,54);
INSERT INTO Point VALUES(470,0.98,0.57,54);
INSERT INTO Point VALUES(471,0.544,0.555,NULL);
INSERT INTO Point VALUES(472,0.5,0.51,55);
INSERT INTO Point VALUES(473,0.52,0.51,55);
INSERT INTO Point VALUES(474,0.56,0.54,55);
INSERT INTO Point VALUES(475,0.61,0.55,55);
INSERT INTO Point VALUES(476,0.61,0.57,55);
INSERT INTO Point VALUES(477,0.55,0.59,55);
INSERT INTO Point VALUES(478,0.51,0.57,55);
INSERT INTO Point VALUES(479,0.49,0.54,55);
INSERT INTO Point VALUES(480,0.766,0.553,NULL);
INSERT INTO Point VALUES(481,0.76,0.51,56);
INSERT INTO Point VALUES(482,0.82,0.53,56);
INSERT INTO Point VALUES(483,0.85,0.53,56);
INSERT INTO Point VALUES(484,0.86,0.56,56);
INSERT INTO Point VALUES(485,0.75,0.56,56);
INSERT INTO Point VALUES(486,0.76,0.6,56);
INSERT INTO Point VALUES(487,0.74,0.59,56);
INSERT INTO Point VALUES(488,0.72,0.57,56);
INSERT INTO Point VALUES(489,0.7,0.55,56);
INSERT INTO Point VALUES(490,0.73,0.55,56);
INSERT INTO Point VALUES(491,0.74,0.53,56);
INSERT INTO Point VALUES(492,0.45,0.59,NULL);
INSERT INTO Point VALUES(493,0.45,0.53,57);
INSERT INTO Point VALUES(494,0.49,0.54,57);
INSERT INTO Point VALUES(495,0.51,0.57,57);
INSERT INTO Point VALUES(496,0.5,0.6,57);
INSERT INTO Point VALUES(497,0.41,0.61,57);
INSERT INTO Point VALUES(498,0.4,0.59,57);
INSERT INTO Point VALUES(499,0.41,0.57,57);
INSERT INTO Point VALUES(500,0.41,0.56,57);
INSERT INTO Point VALUES(501,0.44,0.54,NULL);
INSERT INTO Point VALUES(502,0.45,0.53,58);
INSERT INTO Point VALUES(503,0.42,0.53,58);
INSERT INTO Point VALUES(504,0.41,0.56,58);
INSERT INTO Point VALUES(505,0.77,0.7,NULL);
INSERT INTO Point VALUES(506,0.68,0.53,59);
INSERT INTO Point VALUES(507,0.69,0.55,59);
INSERT INTO Point VALUES(508,0.68,0.59,59);
INSERT INTO Point VALUES(509,0.72,0.57,59);
INSERT INTO Point VALUES(510,0.74,0.59,59);
INSERT INTO Point VALUES(511,0.77,0.64,59);
INSERT INTO Point VALUES(512,0.81,0.66,59);
INSERT INTO Point VALUES(513,0.86,0.69,59);
INSERT INTO Point VALUES(514,0.94,0.72,59);
INSERT INTO Point VALUES(515,1.0,0.79,59);
INSERT INTO Point VALUES(516,0.88,0.82,59);
INSERT INTO Point VALUES(517,0.77,0.76,59);
INSERT INTO Point VALUES(518,0.78,0.74,59);
INSERT INTO Point VALUES(519,0.77,0.73,59);
INSERT INTO Point VALUES(520,0.75,0.75,59);
INSERT INTO Point VALUES(521,0.72,0.73,59);
INSERT INTO Point VALUES(522,0.7,0.7,59);
INSERT INTO Point VALUES(523,0.62,0.63,59);
INSERT INTO Point VALUES(524,0.61,0.61,59);
INSERT INTO Point VALUES(525,0.64,0.58,59);
INSERT INTO Point VALUES(526,0.7,0.57,NULL);
INSERT INTO Point VALUES(527,0.69,0.55,60);
INSERT INTO Point VALUES(528,0.7,0.55,60);
INSERT INTO Point VALUES(529,0.72,0.57,60);
INSERT INTO Point VALUES(530,0.68,0.59,60);
INSERT INTO Point VALUES(531,0.818,0.617,NULL);
INSERT INTO Point VALUES(532,0.86,0.56,61);
INSERT INTO Point VALUES(533,0.75,0.56,61);
INSERT INTO Point VALUES(534,0.76,0.6,61);
INSERT INTO Point VALUES(535,0.81,0.66,61);
INSERT INTO Point VALUES(536,0.86,0.69,61);
INSERT INTO Point VALUES(537,0.87,0.63,61);
INSERT INTO Point VALUES(538,0.24,0.66,NULL);
INSERT INTO Point VALUES(539,0.23,0.62,62);
INSERT INTO Point VALUES(540,0.26,0.61,62);
INSERT INTO Point VALUES(541,0.3,0.62,62);
INSERT INTO Point VALUES(542,0.29,0.65,62);
INSERT INTO Point VALUES(543,0.26,0.68,62);
INSERT INTO Point VALUES(544,0.25,0.7,62);
INSERT INTO Point VALUES(545,0.16,0.68,62);
INSERT INTO Point VALUES(546,0.36,0.62,NULL);
INSERT INTO Point VALUES(547,0.35,0.58,63);
INSERT INTO Point VALUES(548,0.3,0.62,63);
INSERT INTO Point VALUES(549,0.29,0.65,63);
INSERT INTO Point VALUES(550,0.37,0.67,63);
INSERT INTO Point VALUES(551,0.39,0.63,63);
INSERT INTO Point VALUES(552,0.41,0.62,63);
INSERT INTO Point VALUES(553,0.41,0.61,63);
INSERT INTO Point VALUES(554,0.4,0.59,63);
INSERT INTO Point VALUES(555,0.572,0.602,NULL);
INSERT INTO Point VALUES(556,0.51,0.57,64);
INSERT INTO Point VALUES(557,0.55,0.59,64);
INSERT INTO Point VALUES(558,0.61,0.57,64);
INSERT INTO Point VALUES(559,0.64,0.58,64);
INSERT INTO Point VALUES(560,0.61,0.61,64);
INSERT INTO Point VALUES(561,0.62,0.63,64);
INSERT INTO Point VALUES(562,0.59,0.63,64);
INSERT INTO Point VALUES(563,0.57,0.62,64);
INSERT INTO Point VALUES(564,0.52,0.61,64);
INSERT INTO Point VALUES(565,0.5,0.6,64);
INSERT INTO Point VALUES(566,0.755,0.623,NULL);
INSERT INTO Point VALUES(567,0.74,0.59,65);
INSERT INTO Point VALUES(568,0.77,0.64,65);
INSERT INTO Point VALUES(569,0.81,0.66,65);
INSERT INTO Point VALUES(570,0.76,0.6,65);
INSERT INTO Point VALUES(571,0.47,0.62,NULL);
INSERT INTO Point VALUES(572,0.5,0.6,66);
INSERT INTO Point VALUES(573,0.52,0.61,66);
INSERT INTO Point VALUES(574,0.53,0.63,66);
INSERT INTO Point VALUES(575,0.41,0.62,66);
INSERT INTO Point VALUES(576,0.41,0.61,66);
INSERT INTO Point VALUES(577,0.429,0.708,NULL);
INSERT INTO Point VALUES(578,0.41,0.62,67);
INSERT INTO Point VALUES(579,0.39,0.63,67);
INSERT INTO Point VALUES(580,0.37,0.67,67);
INSERT INTO Point VALUES(581,0.29,0.65,67);
INSERT INTO Point VALUES(582,0.26,0.68,67);
INSERT INTO Point VALUES(583,0.25,0.7,67);
INSERT INTO Point VALUES(584,0.45,0.81,67);
INSERT INTO Point VALUES(585,0.47,0.81,67);
INSERT INTO Point VALUES(586,0.5,0.79,67);
INSERT INTO Point VALUES(587,0.5,0.77,67);
INSERT INTO Point VALUES(588,0.48,0.765,67);
INSERT INTO Point VALUES(589,0.47,0.72,67);
INSERT INTO Point VALUES(590,0.51,0.71,67);
INSERT INTO Point VALUES(591,0.56,0.66,67);
INSERT INTO Point VALUES(592,0.53,0.63,67);
INSERT INTO Point VALUES(593,0.569,0.652,NULL);
INSERT INTO Point VALUES(594,0.57,0.62,68);
INSERT INTO Point VALUES(595,0.52,0.61,68);
INSERT INTO Point VALUES(596,0.53,0.63,68);
INSERT INTO Point VALUES(597,0.56,0.66,68);
INSERT INTO Point VALUES(598,0.59,0.72,68);
INSERT INTO Point VALUES(599,0.6,0.7,68);
INSERT INTO Point VALUES(600,0.59,0.64,68);
INSERT INTO Point VALUES(601,0.59,0.63,68);
INSERT INTO Point VALUES(602,0.632,0.668,NULL);
INSERT INTO Point VALUES(603,0.59,0.63,69);
INSERT INTO Point VALUES(604,0.62,0.63,69);
INSERT INTO Point VALUES(605,0.7,0.7,69);
INSERT INTO Point VALUES(606,0.65,0.71,69);
INSERT INTO Point VALUES(607,0.64,0.7,69);
INSERT INTO Point VALUES(608,0.59,0.64,69);
INSERT INTO Point VALUES(609,0.89,0.68,NULL);
INSERT INTO Point VALUES(610,0.87,0.63,70);
INSERT INTO Point VALUES(611,0.93,0.67,70);
INSERT INTO Point VALUES(612,0.95,0.71,70);
INSERT INTO Point VALUES(613,0.94,0.72,70);
INSERT INTO Point VALUES(614,0.86,0.69,70);
INSERT INTO Point VALUES(615,0.078,0.682,NULL);
INSERT INTO Point VALUES(616,0.06,0.64,71);
INSERT INTO Point VALUES(617,0.1,0.66,71);
INSERT INTO Point VALUES(618,0.08,0.73,71);
INSERT INTO Point VALUES(619,0.05,0.71,71);
INSERT INTO Point VALUES(620,0.613,0.7,NULL);
INSERT INTO Point VALUES(621,0.59,0.64,72);
INSERT INTO Point VALUES(622,0.64,0.7,72);
INSERT INTO Point VALUES(623,0.62,0.73,72);
INSERT INTO Point VALUES(624,0.6,0.7,72);
INSERT INTO Point VALUES(625,0.623,0.854,NULL);
INSERT INTO Point VALUES(626,0.56,0.66,73);
INSERT INTO Point VALUES(627,0.59,0.72,73);
INSERT INTO Point VALUES(628,0.64,0.77,73);
INSERT INTO Point VALUES(629,0.66,0.78,73);
INSERT INTO Point VALUES(630,0.75,0.83,73);
INSERT INTO Point VALUES(631,0.76,0.84,73);
INSERT INTO Point VALUES(632,0.78,0.9,73);
INSERT INTO Point VALUES(633,0.76,0.94,73);
INSERT INTO Point VALUES(634,0.75,0.94,73);
INSERT INTO Point VALUES(635,0.72,0.95,73);
INSERT INTO Point VALUES(636,0.64,0.95,73);
INSERT INTO Point VALUES(637,0.63,0.97,73);
INSERT INTO Point VALUES(638,0.68,1.0,73);
INSERT INTO Point VALUES(639,0.5,1.0,73);
INSERT INTO Point VALUES(640,0.51,0.89,73);
INSERT INTO Point VALUES(641,0.51,0.84,73);
INSERT INTO Point VALUES(642,0.52,0.82,73);
INSERT INTO Point VALUES(643,0.5,0.79,73);
INSERT INTO Point VALUES(644,0.5,0.77,73);
INSERT INTO Point VALUES(645,0.51,0.71,73);
INSERT INTO Point VALUES(646,0.117,0.72,NULL);
INSERT INTO Point VALUES(647,0.1,0.66,74);
INSERT INTO Point VALUES(648,0.12,0.68,74);
INSERT INTO Point VALUES(649,0.16,0.68,74);
INSERT INTO Point VALUES(650,0.15,0.78,74);
INSERT INTO Point VALUES(651,0.12,0.79,74);
INSERT INTO Point VALUES(652,0.09,0.78,74);
INSERT INTO Point VALUES(653,0.08,0.73,74);
INSERT INTO Point VALUES(654,0.97,0.74,NULL);
INSERT INTO Point VALUES(655,1.0,0.68,75);
INSERT INTO Point VALUES(656,0.95,0.71,75);
INSERT INTO Point VALUES(657,0.94,0.72,75);
INSERT INTO Point VALUES(658,1.0,0.79,75);
INSERT INTO Point VALUES(659,0.19,0.72,NULL);
INSERT INTO Point VALUES(660,0.16,0.68,76);
INSERT INTO Point VALUES(661,0.15,0.78,76);
INSERT INTO Point VALUES(662,0.17,0.78,76);
INSERT INTO Point VALUES(663,0.25,0.7,76);
INSERT INTO Point VALUES(664,0.64,0.737,NULL);
INSERT INTO Point VALUES(665,0.64,0.7,77);
INSERT INTO Point VALUES(666,0.62,0.73,77);
INSERT INTO Point VALUES(667,0.6,0.7,77);
INSERT INTO Point VALUES(668,0.59,0.72,77);
INSERT INTO Point VALUES(669,0.64,0.77,77);
INSERT INTO Point VALUES(670,0.66,0.78,77);
INSERT INTO Point VALUES(671,0.68,0.78,77);
INSERT INTO Point VALUES(672,0.67,0.74,77);
INSERT INTO Point VALUES(673,0.65,0.71,77);
INSERT INTO Point VALUES(674,0.685,0.72,NULL);
INSERT INTO Point VALUES(675,0.7,0.7,78);
INSERT INTO Point VALUES(676,0.65,0.71,78);
INSERT INTO Point VALUES(677,0.67,0.74,78);
INSERT INTO Point VALUES(678,0.72,0.73,78);
INSERT INTO Point VALUES(679,0.35,0.87,NULL);
INSERT INTO Point VALUES(680,0.25,0.7,79);
INSERT INTO Point VALUES(681,0.45,0.81,79);
INSERT INTO Point VALUES(682,0.46,0.83,79);
INSERT INTO Point VALUES(683,0.46,0.89,79);
INSERT INTO Point VALUES(684,0.47,0.91,79);
INSERT INTO Point VALUES(685,0.48,0.9,79);
INSERT INTO Point VALUES(686,0.51,0.89,79);
INSERT INTO Point VALUES(687,0.5,1.0,79);
INSERT INTO Point VALUES(688,0.15,1.0,79);
INSERT INTO Point VALUES(689,0.16,0.92,79);
INSERT INTO Point VALUES(690,0.0,0.96,79);
INSERT INTO Point VALUES(691,0.0,0.87,79);
INSERT INTO Point VALUES(692,0.12,0.87,79);
INSERT INTO Point VALUES(693,0.12,0.89,79);
INSERT INTO Point VALUES(694,0.15,0.86,79);
INSERT INTO Point VALUES(695,0.13,0.84,79);
INSERT INTO Point VALUES(696,0.13,0.83,79);
INSERT INTO Point VALUES(697,0.17,0.78,79);
INSERT INTO Point VALUES(698,0.49,0.741,NULL);
INSERT INTO Point VALUES(699,0.51,0.71,80);
INSERT INTO Point VALUES(700,0.47,0.72,80);
INSERT INTO Point VALUES(701,0.48,0.765,80);
INSERT INTO Point VALUES(702,0.5,0.77,80);
INSERT INTO Point VALUES(703,0.706,0.756,NULL);
INSERT INTO Point VALUES(704,0.72,0.73,81);
INSERT INTO Point VALUES(705,0.75,0.75,81);
INSERT INTO Point VALUES(706,0.71,0.78,81);
INSERT INTO Point VALUES(707,0.68,0.78,81);
INSERT INTO Point VALUES(708,0.67,0.74,81);
INSERT INTO Point VALUES(709,0.787,0.779,NULL);
INSERT INTO Point VALUES(710,0.77,0.73,82);
INSERT INTO Point VALUES(711,0.75,0.75,82);
INSERT INTO Point VALUES(712,0.71,0.78,82);
INSERT INTO Point VALUES(713,0.74,0.8,82);
INSERT INTO Point VALUES(714,0.82,0.81,82);
INSERT INTO Point VALUES(715,0.87,0.83,82);
INSERT INTO Point VALUES(716,0.88,0.82,82);
INSERT INTO Point VALUES(717,0.77,0.76,82);
INSERT INTO Point VALUES(718,0.78,0.74,82);
INSERT INTO Point VALUES(719,0.706,0.792,NULL);
INSERT INTO Point VALUES(720,0.66,0.78,83);
INSERT INTO Point VALUES(721,0.68,0.78,83);
INSERT INTO Point VALUES(722,0.71,0.78,83);
INSERT INTO Point VALUES(723,0.74,0.8,83);
INSERT INTO Point VALUES(724,0.75,0.83,83);
INSERT INTO Point VALUES(725,0.483,0.849,NULL);
INSERT INTO Point VALUES(726,0.5,0.79,84);
INSERT INTO Point VALUES(727,0.52,0.82,84);
INSERT INTO Point VALUES(728,0.51,0.84,84);
INSERT INTO Point VALUES(729,0.51,0.89,84);
INSERT INTO Point VALUES(730,0.48,0.9,84);
INSERT INTO Point VALUES(731,0.47,0.91,84);
INSERT INTO Point VALUES(732,0.46,0.89,84);
INSERT INTO Point VALUES(733,0.46,0.83,84);
INSERT INTO Point VALUES(734,0.45,0.81,84);
INSERT INTO Point VALUES(735,0.47,0.81,84);
INSERT INTO Point VALUES(736,0.772,0.822,NULL);
INSERT INTO Point VALUES(737,0.74,0.8,85);
INSERT INTO Point VALUES(738,0.75,0.83,85);
INSERT INTO Point VALUES(739,0.76,0.84,85);
INSERT INTO Point VALUES(740,0.8,0.84,85);
INSERT INTO Point VALUES(741,0.82,0.81,85);
INSERT INTO Point VALUES(742,0.88,0.91,NULL);
INSERT INTO Point VALUES(743,1.0,0.79,86);
INSERT INTO Point VALUES(744,0.88,0.82,86);
INSERT INTO Point VALUES(745,0.87,0.83,86);
INSERT INTO Point VALUES(746,0.82,0.81,86);
INSERT INTO Point VALUES(747,0.8,0.84,86);
INSERT INTO Point VALUES(748,0.81,0.89,86);
INSERT INTO Point VALUES(749,0.78,0.95,86);
INSERT INTO Point VALUES(750,0.76,0.94,86);
INSERT INTO Point VALUES(751,0.75,0.94,86);
INSERT INTO Point VALUES(752,0.75,0.97,86);
INSERT INTO Point VALUES(753,0.74,0.98,86);
INSERT INTO Point VALUES(754,0.75,1.0,86);
INSERT INTO Point VALUES(755,1.0,1.0,86);
INSERT INTO Point VALUES(756,0.79,0.893,NULL);
INSERT INTO Point VALUES(757,0.76,0.84,87);
INSERT INTO Point VALUES(758,0.8,0.84,87);
INSERT INTO Point VALUES(759,0.81,0.89,87);
INSERT INTO Point VALUES(760,0.78,0.95,87);
INSERT INTO Point VALUES(761,0.76,0.94,87);
INSERT INTO Point VALUES(762,0.78,0.9,87);
INSERT INTO Point VALUES(763,0.08,0.97,NULL);
INSERT INTO Point VALUES(764,0.0,0.96,88);
INSERT INTO Point VALUES(765,0.0,1.0,88);
INSERT INTO Point VALUES(766,0.15,1.0,88);
INSERT INTO Point VALUES(767,0.16,0.92,88);
INSERT INTO Point VALUES(768,0.708,0.97,NULL);
INSERT INTO Point VALUES(769,0.75,0.94,89);
INSERT INTO Point VALUES(770,0.75,0.97,89);
INSERT INTO Point VALUES(771,0.74,0.98,89);
INSERT INTO Point VALUES(772,0.75,1.0,89);
INSERT INTO Point VALUES(773,0.68,1.0,89);
INSERT INTO Point VALUES(774,0.63,0.97,89);
INSERT INTO Point VALUES(775,0.64,0.95,89);
INSERT INTO Point VALUES(776,0.72,0.95,89);
INSERT INTO Point VALUES(777,0.967,0.045,NULL);
INSERT INTO Point VALUES(778,0.93,0.01,90);
INSERT INTO Point VALUES(779,0.96,0.0,90);
INSERT INTO Point VALUES(780,1.0,0.0,90);
INSERT INTO Point VALUES(781,1.0,0.12,90);
INSERT INTO Point VALUES(782,0.97,0.09,90);
INSERT INTO Point VALUES(783,0.94,0.05,90);
INSERT INTO Point VALUES(784,0.648,0.048,NULL);
INSERT INTO Point VALUES(785,0.49,0.0,91);
INSERT INTO Point VALUES(786,0.96,0.0,91);
INSERT INTO Point VALUES(787,0.93,0.01,91);
INSERT INTO Point VALUES(788,0.84,0.04,91);
INSERT INTO Point VALUES(789,0.76,0.05,91);
INSERT INTO Point VALUES(790,0.69,0.07,91);
INSERT INTO Point VALUES(791,0.56,0.09,91);
INSERT INTO Point VALUES(792,0.53,0.08,91);
INSERT INTO Point VALUES(793,0.52,0.06,91);
INSERT INTO Point VALUES(794,0.51,0.06,91);
INSERT INTO Point VALUES(795,0.5,0.06,91);
INSERT INTO Point VALUES(796,0.49,0.06,91);
INSERT INTO Point VALUES(797,0.974,0.355,NULL);
INSERT INTO Point VALUES(798,0.99,0.29,92);
INSERT INTO Point VALUES(799,0.96,0.33,92);
INSERT INTO Point VALUES(800,0.95,0.38,92);
INSERT INTO Point VALUES(801,0.99,0.39,92);
INSERT INTO Point VALUES(802,1.0,0.39,92);
INSERT INTO Point VALUES(803,1.0,0.29,92);
INSERT INTO Point VALUES(804,0.95,0.15,NULL);
INSERT INTO Point VALUES(805,0.9,0.1,93);
INSERT INTO Point VALUES(806,0.97,0.09,93);
INSERT INTO Point VALUES(807,1.0,0.12,93);
INSERT INTO Point VALUES(808,1.0,0.2,93);
INSERT INTO Point VALUES(809,0.95,0.19,93);
INSERT INTO Point VALUES(810,0.92,0.19,93);
INSERT INTO Point VALUES(811,0.09,0.64,NULL);
INSERT INTO Point VALUES(812,0.13,0.65,94);
INSERT INTO Point VALUES(813,0.12,0.68,94);
INSERT INTO Point VALUES(814,0.1,0.66,94);
INSERT INTO Point VALUES(815,0.06,0.64,94);
INSERT INTO Point VALUES(816,0.09,0.55,94);
INSERT INTO Point VALUES(817,0.2,0.62,NULL);
INSERT INTO Point VALUES(818,0.16,0.68,95);
INSERT INTO Point VALUES(819,0.12,0.68,95);
INSERT INTO Point VALUES(820,0.13,0.65,95);
INSERT INTO Point VALUES(821,0.19,0.57,95);
INSERT INTO Point VALUES(822,0.24,0.57,95);
INSERT INTO Point VALUES(823,0.26,0.61,95);
INSERT INTO Point VALUES(824,0.23,0.62,95);
INSERT INTO Point VALUES(825,0.22,0.55,NULL);
INSERT INTO Point VALUES(826,0.22,0.49,96);
INSERT INTO Point VALUES(827,0.24,0.5,96);
INSERT INTO Point VALUES(828,0.24,0.57,96);
INSERT INTO Point VALUES(829,0.19,0.57,96);
INSERT INTO Point VALUES(830,0.3,0.55,NULL);
INSERT INTO Point VALUES(831,0.26,0.48,97);
INSERT INTO Point VALUES(832,0.35,0.51,97);
INSERT INTO Point VALUES(833,0.35,0.58,97);
INSERT INTO Point VALUES(834,0.3,0.62,97);
INSERT INTO Point VALUES(835,0.26,0.61,97);
INSERT INTO Point VALUES(836,0.24,0.57,97);
INSERT INTO Point VALUES(837,0.24,0.5,97);
INSERT INTO Point VALUES(838,0.405,0.43,NULL);
INSERT INTO Point VALUES(839,0.43,0.36,98);
INSERT INTO Point VALUES(840,0.45,0.36,98);
INSERT INTO Point VALUES(841,0.42,0.45,98);
INSERT INTO Point VALUES(842,0.42,0.45,98);
INSERT INTO Point VALUES(843,0.4,0.48,98);
INSERT INTO Point VALUES(844,0.37,0.43,98);
INSERT INTO Point VALUES(845,0.96,0.69,NULL);
INSERT INTO Point VALUES(846,0.95,0.71,99);
INSERT INTO Point VALUES(847,0.93,0.67,99);
INSERT INTO Point VALUES(848,1.0,0.68,99);
INSERT INTO Point VALUES(849,0.21,0.39,NULL);
INSERT INTO Point VALUES(850,0.16,0.39,100);
INSERT INTO Point VALUES(851,0.22,0.42,100);
INSERT INTO Point VALUES(852,0.24,0.41,100);
INSERT INTO Point VALUES(853,0.25,0.36,100);
INSERT INTO Point VALUES(854,0.23,0.34,100);
INSERT INTO Point VALUES(855,0.14,0.83,NULL);
INSERT INTO Point VALUES(856,0.12,0.79,101);
INSERT INTO Point VALUES(857,0.15,0.78,101);
INSERT INTO Point VALUES(858,0.17,0.78,101);
INSERT INTO Point VALUES(859,0.13,0.83,101);
INSERT INTO Point VALUES(860,0.13,0.84,101);
INSERT INTO Point VALUES(861,0.15,0.86,101);
INSERT INTO Point VALUES(862,0.12,0.89,101);
INSERT INTO Point VALUES(863,0.12,0.87,101);
INSERT INTO Point VALUES(864,0.108,0.84,101);
INSERT INTO Point VALUES(865,0.25,0.85,NULL);
INSERT INTO Point VALUES(866,0.25,0.83,102);
INSERT INTO Point VALUES(867,0.27,0.84,102);
INSERT INTO Point VALUES(868,0.26,0.86,102);
INSERT INTO Point VALUES(869,0.23,0.84,102);
INSERT INTO Point VALUES(870,0.06,0.81,NULL);
INSERT INTO Point VALUES(871,0.12,0.87,103);
INSERT INTO Point VALUES(872,0.108,0.84,103);
INSERT INTO Point VALUES(873,0.12,0.79,103);
INSERT INTO Point VALUES(874,0.09,0.78,103);
INSERT INTO Point VALUES(875,0.08,0.73,103);
INSERT INTO Point VALUES(876,0.05,0.71,103);
INSERT INTO Point VALUES(877,0.02,0.77,103);
INSERT INTO Point VALUES(878,0.01,0.83,103);
INSERT INTO Point VALUES(879,0.02,0.87,103);
INSERT INTO Point VALUES(880,1.0,0.39,NULL);
INSERT INTO Point VALUES(881,1.0,0.39,104);
INSERT INTO Point VALUES(882,0.99,0.39,104);
INSERT INTO Point VALUES(883,0.4,0.3,NULL);
INSERT INTO Point VALUES(884,0.4,0.3,105);
INSERT INTO Point VALUES(885,0.41,0.35,105);
INSERT INTO Point VALUES(886,0.75,0.3,NULL);
INSERT INTO Point VALUES(887,0.75,0.3,106);
INSERT INTO Point VALUES(888,0.72,0.27,106);
INSERT INTO Point VALUES(889,0.67,0.27,106);
INSERT INTO Point VALUES(890,0.96,0.33,NULL);
INSERT INTO Point VALUES(891,0.96,0.33,107);
INSERT INTO Point VALUES(892,0.88,0.34,107);
INSERT INTO Point VALUES(893,0.84,0.33,107);
INSERT INTO Point VALUES(894,0.41,0.61,NULL);
INSERT INTO Point VALUES(895,0.41,0.61,108);
INSERT INTO Point VALUES(896,0.4,0.59,108);
INSERT INTO Point VALUES(897,0.41,0.57,108);
INSERT INTO Point VALUES(898,0.53,0.49,NULL);
INSERT INTO Point VALUES(899,0.53,0.49,109);
INSERT INTO Point VALUES(900,0.52,0.47,109);
INSERT INTO Point VALUES(901,0.53,0.454,109);
INSERT INTO Point VALUES(902,0.75,0.49,NULL);
INSERT INTO Point VALUES(903,0.75,0.49,110);
INSERT INTO Point VALUES(904,0.68,0.51,110);
INSERT INTO Point VALUES(905,0.66,0.5,110);
INSERT INTO Point VALUES(906,0.16,0.68,NULL);
INSERT INTO Point VALUES(907,0.16,0.68,111);
INSERT INTO Point VALUES(908,0.12,0.68,111);
INSERT INTO Point VALUES(909,0.87,0.63,NULL);
INSERT INTO Point VALUES(910,0.87,0.63,112);
INSERT INTO Point VALUES(911,0.93,0.67,112);
INSERT INTO Point VALUES(912,0.95,0.71,112);
INSERT INTO Point VALUES(913,0.76,0.6,NULL);
INSERT INTO Point VALUES(914,0.76,0.6,113);
INSERT INTO Point VALUES(915,0.81,0.66,113);
INSERT INTO Point VALUES(916,0.59,0.63,NULL);
INSERT INTO Point VALUES(917,0.59,0.63,114);
INSERT INTO Point VALUES(918,0.59,0.64,114);
INSERT INTO Point VALUES(919,0.64,0.7,114);
INSERT INTO Point VALUES(920,0.24,0.57,NULL);
INSERT INTO Point VALUES(921,0.24,0.57,115);
INSERT INTO Point VALUES(922,0.26,0.61,115);
INSERT INTO Point VALUES(923,0.41,0.61,NULL);
INSERT INTO Point VALUES(924,0.41,0.57,116);
INSERT INTO Point VALUES(925,0.41,0.56,116);
INSERT INTO Point VALUES(926,0.42,0.53,116);
INSERT INTO Point VALUES(927,0.75,0.49,NULL);
INSERT INTO Point VALUES(928,0.66,0.5,117);
INSERT INTO Point VALUES(929,0.62,0.48,117);
INSERT INTO Point VALUES(930,0.53,0.49,117);
INSERT INTO Point VALUES(931,0.87,0.63,NULL);
INSERT INTO Point VALUES(932,0.95,0.71,118);
INSERT INTO Point VALUES(933,1.0,0.68,118);
INSERT INTO Point VALUES(934,0.59,0.63,NULL);
INSERT INTO Point VALUES(935,0.64,0.7,119);
INSERT INTO Point VALUES(936,0.65,0.71,119);
INSERT INTO Point VALUES(937,0.67,0.74,119);
INSERT INTO Point VALUES(938,0.41,0.61,NULL);
INSERT INTO Point VALUES(939,0.42,0.53,120);
INSERT INTO Point VALUES(940,0.41,0.5,120);
INSERT INTO Point VALUES(941,0.39,0.5,120);
INSERT INTO Point VALUES(942,0.75,0.49,NULL);
INSERT INTO Point VALUES(943,0.53,0.49,121);
INSERT INTO Point VALUES(944,0.52,0.51,121);
INSERT INTO Point VALUES(945,0.5,0.51,121);
INSERT INTO Point VALUES(946,0.41,0.61,NULL);
INSERT INTO Point VALUES(947,0.39,0.5,122);
INSERT INTO Point VALUES(948,0.4,0.48,122);
INSERT INTO Point VALUES(949,0.42,0.45,122);
INSERT INTO Point VALUES(950,0.75,0.49,NULL);
INSERT INTO Point VALUES(951,0.5,0.51,123);
INSERT INTO Point VALUES(952,0.49,0.54,123);
INSERT INTO Point VALUES(953,0.45,0.53,123);
INSERT INTO Point VALUES(954,0.75,0.49,NULL);
INSERT INTO Point VALUES(955,0.45,0.53,124);
INSERT INTO Point VALUES(956,0.42,0.53,124);
INSERT INTO Point VALUES(957,0.16,0.68,NULL);
INSERT INTO Point VALUES(958,0.12,0.68,125);
INSERT INTO Point VALUES(959,0.1,0.66,125);
INSERT INTO Point VALUES(960,0.06,0.64,125);
CREATE TABLE IF NOT EXISTS "RegionSoldierType"(
    "Id" INTEGER NOT NULL CONSTRAINT "PK_RegionSoldierType" PRIMARY KEY AUTOINCREMENT,
    "SoldierTypeSymbol" TEXT NOT NULL,
    "RegionId" INTEGER NOT NULL,
    CONSTRAINT "FK_RegionSoldierType_Region_RegionId" FOREIGN KEY("RegionId")REFERENCES "Region"("Id")ON DELETE CASCADE,
    CONSTRAINT "FK_RegionSoldierType_SoldierType_SoldierTypeSymbol" FOREIGN KEY("SoldierTypeSymbol")REFERENCES "SoldierType"("Symbol")ON DELETE CASCADE
);
INSERT INTO RegionSoldierType VALUES(1,'',35);
INSERT INTO RegionSoldierType VALUES(2,'',42);
INSERT INTO RegionSoldierType VALUES(3,'',47);
INSERT INTO RegionSoldierType VALUES(4,'',88);
INSERT INTO RegionSoldierType VALUES(5,'f',88);
CREATE TABLE IF NOT EXISTS "Regiment"(
    "Id" INTEGER NOT NULL CONSTRAINT "PK_Regiment" PRIMARY KEY AUTOINCREMENT,
    "Count" INTEGER NOT NULL,
    "SoldiersId" INTEGER NOT NULL,
    "TypeSymbol" TEXT NOT NULL,
    CONSTRAINT "FK_Regiment_Soldiers_SoldiersId" FOREIGN KEY("SoldiersId")REFERENCES "Soldiers"("Id")ON DELETE CASCADE,
    CONSTRAINT "FK_Regiment_SoldierType_TypeSymbol" FOREIGN KEY("TypeSymbol")REFERENCES "SoldierType"("Symbol")ON DELETE CASCADE
);
INSERT INTO Regiment VALUES(1,85,2,'');
INSERT INTO Regiment VALUES(2,85,3,'');
INSERT INTO Regiment VALUES(3,135,4,'');
INSERT INTO Regiment VALUES(4,90,5,'');
INSERT INTO Regiment VALUES(5,120,6,'');
INSERT INTO Regiment VALUES(6,90,7,'');
INSERT INTO Regiment VALUES(7,155,8,'');
INSERT INTO Regiment VALUES(8,145,9,'');
INSERT INTO Regiment VALUES(9,105,10,'');
INSERT INTO Regiment VALUES(10,90,11,'');
INSERT INTO Regiment VALUES(11,150,12,'');
INSERT INTO Regiment VALUES(12,95,13,'');
INSERT INTO Regiment VALUES(13,150,14,'');
INSERT INTO Regiment VALUES(14,115,15,'');
INSERT INTO Regiment VALUES(15,95,16,'');
INSERT INTO Regiment VALUES(16,300,17,'');
INSERT INTO Regiment VALUES(17,100,19,'');
INSERT INTO Regiment VALUES(18,125,20,'');
INSERT INTO Regiment VALUES(19,130,21,'');
INSERT INTO Regiment VALUES(20,120,22,'');
INSERT INTO Regiment VALUES(21,105,23,'');
INSERT INTO Regiment VALUES(22,115,24,'');
INSERT INTO Regiment VALUES(23,105,25,'');
INSERT INTO Regiment VALUES(24,95,26,'');
INSERT INTO Regiment VALUES(25,105,27,'');
INSERT INTO Regiment VALUES(26,130,28,'');
INSERT INTO Regiment VALUES(27,110,29,'');
INSERT INTO Regiment VALUES(28,110,30,'');
INSERT INTO Regiment VALUES(29,125,31,'');
INSERT INTO Regiment VALUES(30,110,32,'');
INSERT INTO Regiment VALUES(31,110,33,'');
INSERT INTO Regiment VALUES(32,110,34,'');
INSERT INTO Regiment VALUES(33,110,35,'');
INSERT INTO Regiment VALUES(34,140,36,'');
INSERT INTO Regiment VALUES(35,140,37,'');
INSERT INTO Regiment VALUES(36,105,38,'');
INSERT INTO Regiment VALUES(37,115,39,'');
INSERT INTO Regiment VALUES(38,115,40,'');
INSERT INTO Regiment VALUES(39,145,42,'');
INSERT INTO Regiment VALUES(40,135,43,'');
INSERT INTO Regiment VALUES(41,125,44,'');
INSERT INTO Regiment VALUES(42,120,45,'');
INSERT INTO Regiment VALUES(43,120,46,'');
INSERT INTO Regiment VALUES(44,200,47,'');
INSERT INTO Regiment VALUES(45,100,49,'');
INSERT INTO Regiment VALUES(46,125,50,'');
INSERT INTO Regiment VALUES(47,125,51,'');
INSERT INTO Regiment VALUES(48,120,52,'');
INSERT INTO Regiment VALUES(49,140,53,'');
INSERT INTO Regiment VALUES(50,135,54,'');
INSERT INTO Regiment VALUES(51,130,55,'');
INSERT INTO Regiment VALUES(52,130,56,'');
INSERT INTO Regiment VALUES(53,130,57,'');
INSERT INTO Regiment VALUES(54,100,58,'');
INSERT INTO Regiment VALUES(55,130,60,'');
INSERT INTO Regiment VALUES(56,105,61,'');
INSERT INTO Regiment VALUES(57,135,62,'');
INSERT INTO Regiment VALUES(58,145,63,'');
INSERT INTO Regiment VALUES(59,145,64,'');
INSERT INTO Regiment VALUES(60,135,65,'');
INSERT INTO Regiment VALUES(61,135,66,'');
INSERT INTO Regiment VALUES(62,140,68,'');
INSERT INTO Regiment VALUES(63,105,69,'');
INSERT INTO Regiment VALUES(64,100,70,'');
INSERT INTO Regiment VALUES(65,85,71,'');
INSERT INTO Regiment VALUES(66,95,72,'');
INSERT INTO Regiment VALUES(67,135,74,'');
INSERT INTO Regiment VALUES(68,95,75,'');
INSERT INTO Regiment VALUES(69,145,76,'');
INSERT INTO Regiment VALUES(70,110,77,'');
INSERT INTO Regiment VALUES(71,90,78,'');
INSERT INTO Regiment VALUES(72,150,80,'');
INSERT INTO Regiment VALUES(73,125,81,'');
INSERT INTO Regiment VALUES(74,120,82,'');
INSERT INTO Regiment VALUES(75,150,83,'');
INSERT INTO Regiment VALUES(76,160,84,'');
INSERT INTO Regiment VALUES(77,95,85,'');
INSERT INTO Regiment VALUES(78,110,87,'');
INSERT INTO Regiment VALUES(79,100,88,'');
INSERT INTO Regiment VALUES(80,150,89,'');
INSERT INTO Regiment VALUES(81,115,90,'');
INSERT INTO Regiment VALUES(82,100,92,'');
INSERT INTO Regiment VALUES(83,80,93,'');
INSERT INTO Regiment VALUES(84,115,94,'');
INSERT INTO Regiment VALUES(85,90,95,'');
INSERT INTO Regiment VALUES(86,125,96,'');
INSERT INTO Regiment VALUES(87,95,97,'');
INSERT INTO Regiment VALUES(88,150,98,'');
INSERT INTO Regiment VALUES(89,75,99,'');
INSERT INTO Regiment VALUES(90,125,100,'');
INSERT INTO Regiment VALUES(91,140,101,'');
INSERT INTO Regiment VALUES(92,120,102,'');
INSERT INTO Regiment VALUES(93,100,103,'');
CREATE TABLE IF NOT EXISTS "Action"(
    "Id" INTEGER NOT NULL CONSTRAINT "PK_Action" PRIMARY KEY AUTOINCREMENT,
    "Debt" INTEGER NULL,
    "Discriminator" TEXT NOT NULL,
    "PlayerName" TEXT NOT NULL,
    "RegionId" INTEGER NULL,
    "SoldiersId" INTEGER NULL,
    CONSTRAINT "FK_Action_Players_PlayerName" FOREIGN KEY("PlayerName")REFERENCES "Players"("Name")ON DELETE CASCADE,
    CONSTRAINT "FK_Action_Soldiers_SoldiersId" FOREIGN KEY("SoldiersId")REFERENCES "Soldiers"("Id")ON DELETE CASCADE
);
CREATE TABLE IF NOT EXISTS "Players"(
    "Name" TEXT NOT NULL CONSTRAINT "PK_Players" PRIMARY KEY,
    "Alive" INTEGER NOT NULL,
    "GameId" INTEGER NOT NULL,
    "IsActive" INTEGER NOT NULL,
    "IsHuman" INTEGER NOT NULL,
    "Money" INTEGER NOT NULL,
    "Order" INTEGER NOT NULL,
    "StringPassword" TEXT NOT NULL,
    CONSTRAINT "FK_Players_Games_GameId" FOREIGN KEY("GameId")REFERENCES "Games"("Id")ON DELETE CASCADE
);
CREATE TABLE IF NOT EXISTS "Provinces"(
    "GameId" INTEGER NOT NULL,
    "RegionId" INTEGER NOT NULL,
    "PlayerName" TEXT NULL,
    "SoldiersId" INTEGER NOT NULL,
    CONSTRAINT "PK_Provinces" PRIMARY KEY("GameId","RegionId"),
    CONSTRAINT "FK_Provinces_Games_GameId" FOREIGN KEY("GameId")REFERENCES "Games"("Id")ON DELETE CASCADE,
    CONSTRAINT "FK_Provinces_Players_PlayerName" FOREIGN KEY("PlayerName")REFERENCES "Players"("Name")ON DELETE CASCADE,
    CONSTRAINT "FK_Provinces_Region_RegionId" FOREIGN KEY("RegionId")REFERENCES "Region"("Id")ON DELETE CASCADE,
    CONSTRAINT "FK_Provinces_Soldiers_SoldiersId" FOREIGN KEY("SoldiersId")REFERENCES "Soldiers"("Id")ON DELETE CASCADE
);
CREATE TABLE IF NOT EXISTS "Region"(
    "Id" INTEGER NOT NULL CONSTRAINT "PK_Region" PRIMARY KEY,
    "Color_A" INTEGER NOT NULL,
    "Color_B" INTEGER NOT NULL,
    "Color_G" INTEGER NOT NULL,
    "Color_R" INTEGER NOT NULL,
    "DefaultInstabilityInt" INTEGER NULL,
    "Discriminator" TEXT NOT NULL,
    "Earnings" INTEGER NULL,
    "HasPort" INTEGER NULL,
    "IsFinal" INTEGER NULL,
    "IsStart" INTEGER NULL,
    "Name" TEXT NOT NULL,
    "ShapeId" INTEGER NOT NULL,
    "SoldiersId" INTEGER NOT NULL,
    "StrokeWidth" REAL NOT NULL,
    CONSTRAINT "FK_Region_Shape_ShapeId" FOREIGN KEY("ShapeId")REFERENCES "Shape"("Id")ON DELETE CASCADE,
    CONSTRAINT "FK_Region_Soldiers_SoldiersId" FOREIGN KEY("SoldiersId")REFERENCES "Soldiers"("Id")ON DELETE CASCADE
);
INSERT INTO Region VALUES(0,255,255,132,17,NULL,'Sea',NULL,NULL,NULL,NULL,'Keltsk moe',0,0,0.0);
INSERT INTO Region VALUES(1,255,255,132,17,NULL,'Sea',NULL,NULL,NULL,NULL,'Severn moe',1,1,0.0);
INSERT INTO Region VALUES(2,12,12,12,255,214748365,'Land',17,1,0,1,'Skotsko',2,2,0.0);
INSERT INTO Region VALUES(3,12,12,12,255,214748365,'Land',17,1,1,0,'Krlovec',3,3,0.0);
INSERT INTO Region VALUES(4,12,12,12,255,214748365,'Land',27,0,0,0,'Mazury',4,4,0.0);
INSERT INTO Region VALUES(5,12,12,12,255,214748365,'Land',18,0,0,0,'Pomoansko',5,5,0.0);
INSERT INTO Region VALUES(6,12,12,12,255,214748365,'Land',24,1,0,0,'Kiel',6,6,0.0);
INSERT INTO Region VALUES(7,12,12,12,255,214748365,'Land',18,0,0,0,'Meklenbursko',7,7,0.0);
INSERT INTO Region VALUES(8,12,12,12,255,214748365,'Land',31,1,0,0,'Anglie',8,8,0.0);
INSERT INTO Region VALUES(9,12,12,12,255,214748365,'Land',29,0,0,0,'Mazov',9,9,0.0);
INSERT INTO Region VALUES(10,12,12,12,255,214748365,'Land',21,0,0,0,'Hamburg',10,10,0.0);
INSERT INTO Region VALUES(11,12,12,12,255,214748365,'Land',18,0,0,0,'Wales',11,11,0.0);
INSERT INTO Region VALUES(12,12,12,12,255,214748365,'Land',30,0,0,0,'Doln Sasko',12,12,0.0);
INSERT INTO Region VALUES(13,12,12,12,255,214748365,'Land',19,0,0,0,'Nov marka',13,13,0.0);
INSERT INTO Region VALUES(14,12,12,12,255,214748365,'Land',30,1,0,0,'Nizozem',14,14,0.0);
INSERT INTO Region VALUES(15,12,12,12,255,214748365,'Land',23,0,0,0,'Braniborsko',15,15,0.0);
INSERT INTO Region VALUES(16,12,12,12,255,214748365,'Land',19,0,0,0,'Poznasko',16,16,0.0);
INSERT INTO Region VALUES(17,12,12,12,255,214748365,'Land',75,0,1,0,'Anhaltsko',17,17,0.0);
INSERT INTO Region VALUES(18,255,255,132,17,NULL,'Sea',NULL,NULL,NULL,NULL,'Prliv La Manche',18,18,0.0);
INSERT INTO Region VALUES(19,12,12,12,255,214748365,'Land',20,0,0,0,'Podkarpat',19,19,0.0);
INSERT INTO Region VALUES(20,12,12,12,255,214748365,'Land',25,0,0,1,'Lod',20,20,0.0);
INSERT INTO Region VALUES(21,12,12,12,255,214748365,'Land',26,0,0,0,'Lublin',21,21,0.0);
INSERT INTO Region VALUES(22,12,12,12,255,214748365,'Land',24,0,0,1,'Vestflsko',22,22,0.0);
INSERT INTO Region VALUES(23,12,12,12,255,214748365,'Land',21,0,0,0,'Belgie',23,23,0.0);
INSERT INTO Region VALUES(24,12,12,12,255,214748365,'Land',23,0,0,0,'Slezsko',24,24,0.0);
INSERT INTO Region VALUES(25,12,12,12,255,214748365,'Land',21,0,0,0,'Hesensko',25,25,0.0);
INSERT INTO Region VALUES(26,12,12,12,255,214748365,'Land',19,0,0,0,'Durynsko',26,26,0.0);
INSERT INTO Region VALUES(27,12,12,12,255,214748365,'Land',21,0,0,0,'Sasko',27,27,0.0);
INSERT INTO Region VALUES(28,12,12,12,255,214748365,'Land',26,0,0,0,'Porn',28,28,0.0);
INSERT INTO Region VALUES(29,12,12,12,255,214748365,'Land',22,1,0,0,'Calais',29,29,0.0);
INSERT INTO Region VALUES(30,12,12,12,255,214748365,'Land',22,1,0,0,'Normandie',30,30,0.0);
INSERT INTO Region VALUES(31,12,12,12,255,214748365,'Land',25,0,0,1,'echy',31,31,0.0);
INSERT INTO Region VALUES(32,12,12,12,255,214748365,'Land',22,0,0,0,'Hali',32,32,0.0);
INSERT INTO Region VALUES(33,12,12,12,255,214748365,'Land',22,0,0,1,'Breta',33,33,0.0);
INSERT INTO Region VALUES(34,12,12,12,255,214748365,'Land',22,0,0,0,'Morava',34,34,0.0);
INSERT INTO Region VALUES(35,12,12,12,255,214748365,'Land',22,1,0,0,'Bavorsko',35,35,0.0);
INSERT INTO Region VALUES(36,12,12,12,255,214748365,'Land',28,0,0,0,'Lotrinsko',36,36,0.0);
INSERT INTO Region VALUES(37,12,12,12,255,214748365,'Land',28,0,0,0,'Stuttgart',37,37,0.0);
INSERT INTO Region VALUES(38,12,12,12,255,214748365,'Land',21,0,0,0,'Horn Uhry',38,38,0.0);
INSERT INTO Region VALUES(39,12,12,12,255,214748365,'Land',23,0,0,0,'Poitou',39,39,0.0);
INSERT INTO Region VALUES(40,12,12,12,255,214748365,'Land',23,0,0,1,'Pa',40,40,0.0);
INSERT INTO Region VALUES(41,255,255,132,17,NULL,'Sea',NULL,NULL,NULL,NULL,'Atlansk ocen',41,41,0.0);
INSERT INTO Region VALUES(42,12,12,12,255,214748365,'Land',29,1,0,0,'Rakousy',42,42,0.0);
INSERT INTO Region VALUES(43,12,12,12,255,214748365,'Land',27,0,0,0,'Uhersko',43,43,0.0);
INSERT INTO Region VALUES(44,12,12,12,255,214748365,'Land',25,0,0,1,'Sedmihradsko',44,44,0.0);
INSERT INTO Region VALUES(45,12,12,12,255,214748365,'Land',24,0,0,0,'Tours',45,45,0.0);
INSERT INTO Region VALUES(46,12,12,12,255,214748365,'Land',24,0,0,0,'Burgundsko',46,46,0.0);
INSERT INTO Region VALUES(47,12,12,12,255,214748365,'Land',50,1,0,0,'vcarsko',47,47,0.0);
INSERT INTO Region VALUES(48,255,255,132,17,NULL,'Sea',NULL,NULL,NULL,NULL,'Bodensee',48,48,0.0);
INSERT INTO Region VALUES(49,12,12,12,255,214748365,'Land',20,0,0,0,'Akvitnie',49,49,0.0);
INSERT INTO Region VALUES(50,12,12,12,255,214748365,'Land',25,1,0,0,'Bentsko',50,50,0.0);
INSERT INTO Region VALUES(51,12,12,12,255,214748365,'Land',25,0,0,1,'Trentino',51,51,0.0);
INSERT INTO Region VALUES(52,12,12,12,255,214748365,'Land',24,0,0,0,'Savojsko',52,52,0.0);
INSERT INTO Region VALUES(53,12,12,12,255,214748365,'Land',28,0,0,0,'Slovinsko',53,53,0.0);
INSERT INTO Region VALUES(54,12,12,12,255,214748365,'Land',27,0,0,0,'Borogravie',54,54,0.0);
INSERT INTO Region VALUES(55,12,12,12,255,214748365,'Land',26,0,0,0,'Lombardie',55,55,0.0);
INSERT INTO Region VALUES(56,12,12,12,255,214748365,'Land',26,1,0,0,'Chorvatsko',56,56,0.0);
INSERT INTO Region VALUES(57,12,12,12,255,214748365,'Land',26,0,0,0,'Piemont',57,57,0.0);
INSERT INTO Region VALUES(58,12,12,12,255,214748365,'Land',20,0,0,1,'Aosta',58,58,0.0);
INSERT INTO Region VALUES(59,255,255,132,17,NULL,'Sea',NULL,NULL,NULL,NULL,'Jadersk moe',59,59,0.0);
INSERT INTO Region VALUES(60,12,12,12,255,214748365,'Land',26,1,0,0,'Istrie',60,60,0.0);
INSERT INTO Region VALUES(61,12,12,12,255,214748365,'Land',21,0,0,0,'Bosna',61,61,0.0);
INSERT INTO Region VALUES(62,12,12,12,255,214748365,'Land',27,0,0,0,'Languedoc',62,62,0.0);
INSERT INTO Region VALUES(63,12,12,12,255,214748365,'Land',29,1,0,0,'Provence',63,63,0.0);
INSERT INTO Region VALUES(64,12,12,12,255,214748365,'Land',29,0,0,0,'Bologna',64,64,0.0);
INSERT INTO Region VALUES(65,12,12,12,255,214748365,'Land',27,1,0,0,'Dalmcie',65,65,0.0);
INSERT INTO Region VALUES(66,12,12,12,255,214748365,'Land',27,1,0,0,'Genova',66,66,0.0);
INSERT INTO Region VALUES(67,255,255,132,17,NULL,'Sea',NULL,NULL,NULL,NULL,'Ligursk moe',67,67,0.0);
INSERT INTO Region VALUES(68,12,12,12,255,214748365,'Land',28,0,0,0,'Tosknsko',68,68,0.0);
INSERT INTO Region VALUES(69,12,12,12,255,214748365,'Land',21,0,0,1,'Marche',69,69,0.0);
INSERT INTO Region VALUES(70,12,12,12,255,214748365,'Land',20,0,0,1,'ern Hora',70,70,0.0);
INSERT INTO Region VALUES(71,12,12,12,255,214748365,'Land',17,0,0,0,'Navara',71,71,0.0);
INSERT INTO Region VALUES(72,12,12,12,255,214748365,'Land',19,0,0,0,'Umbrie',72,72,0.0);
INSERT INTO Region VALUES(73,255,255,132,17,NULL,'Sea',NULL,NULL,NULL,NULL,'Tyrhnsk moe',73,73,0.0);
INSERT INTO Region VALUES(74,12,12,12,255,214748365,'Land',27,0,0,0,'Aragornie',74,74,0.0);
INSERT INTO Region VALUES(75,12,12,12,255,214748365,'Land',19,1,0,0,'Albnie',75,75,0.0);
INSERT INTO Region VALUES(76,12,12,12,255,214748365,'Land',29,1,1,0,'Katalnsko',76,76,0.0);
INSERT INTO Region VALUES(77,12,12,12,255,214748365,'Land',22,0,0,1,'m',77,77,0.0);
INSERT INTO Region VALUES(78,12,12,12,255,214748365,'Land',18,0,0,0,'Abruzzo',78,78,0.0);
INSERT INTO Region VALUES(79,255,255,132,17,NULL,'Sea',NULL,NULL,NULL,NULL,'Stedozemn moe',79,79,0.0);
INSERT INTO Region VALUES(80,12,12,12,255,214748365,'Land',40,1,0,0,'Korsika',80,80,0.0);
INSERT INTO Region VALUES(81,12,12,12,255,214748365,'Land',25,0,0,0,'Molise',81,81,0.0);
INSERT INTO Region VALUES(82,12,12,12,255,214748365,'Land',24,1,0,0,'Apulie',82,82,0.0);
INSERT INTO Region VALUES(83,12,12,12,255,214748365,'Land',30,1,0,0,'Neapol',83,83,0.0);
INSERT INTO Region VALUES(84,12,12,12,255,214748365,'Land',40,1,0,0,'Sardinie',84,84,0.0);
INSERT INTO Region VALUES(85,12,12,12,255,214748365,'Land',19,0,0,0,'Basilicata',85,85,0.0);
INSERT INTO Region VALUES(86,255,255,132,17,NULL,'Sea',NULL,NULL,NULL,NULL,'Jnsk moe',86,86,0.0);
INSERT INTO Region VALUES(87,12,12,12,255,214748365,'Land',22,0,0,1,'Kalbrie',87,87,0.0);
INSERT INTO Region VALUES(88,12,12,12,255,214748365,'Land',50,1,0,0,'Kartgo',88,88,0.0);
INSERT INTO Region VALUES(89,12,12,12,255,214748365,'Land',35,1,0,0,'Siclie',89,89,0.0);
INSERT INTO Region VALUES(90,12,12,12,255,214748365,'Land',23,0,0,1,'Litva',90,90,0.0);
INSERT INTO Region VALUES(91,255,255,132,17,NULL,'Sea',NULL,NULL,NULL,NULL,'Baltsk moe',91,91,0.0);
INSERT INTO Region VALUES(92,12,12,12,255,214748365,'Land',20,0,0,0,'Zakarpat',92,92,0.0);
INSERT INTO Region VALUES(93,12,12,12,255,214748365,'Land',16,0,0,0,'Podles',93,93,0.0);
INSERT INTO Region VALUES(94,12,12,12,255,214748365,'Land',23,0,0,0,'Bordeaux',94,94,0.0);
INSERT INTO Region VALUES(95,12,12,12,255,214748365,'Land',18,0,0,1,'Okcitnie',95,95,0.0);
INSERT INTO Region VALUES(96,12,12,12,255,214748365,'Land',25,0,0,0,'Limousin',96,96,0.0);
INSERT INTO Region VALUES(97,12,12,12,255,214748365,'Land',19,0,0,0,'Auvergne',97,97,0.0);
INSERT INTO Region VALUES(98,12,12,12,255,214748365,'Land',30,0,0,0,'Alsasko',98,98,0.0);
INSERT INTO Region VALUES(99,12,12,12,255,214748365,'Land',15,0,1,0,'Kosovo',99,99,0.0);
INSERT INTO Region VALUES(100,12,12,12,255,214748365,'Land',25,0,0,0,'Anjou',100,100,0.0);
INSERT INTO Region VALUES(101,12,12,12,255,214748365,'Land',28,0,0,0,'Valencie',101,101,0.0);
INSERT INTO Region VALUES(102,12,12,12,255,214748365,'Land',30,1,0,0,'Mallorca',102,102,0.0);
INSERT INTO Region VALUES(103,12,12,12,255,214748365,'Land',20,0,0,1,'Kastilie',103,103,0.0);
INSERT INTO Region VALUES(104,255,255,255,0,NULL,'Mountains',NULL,NULL,NULL,NULL,'Karpaty',104,104,3.0);
INSERT INTO Region VALUES(105,255,255,255,0,NULL,'Mountains',NULL,NULL,NULL,NULL,'Westerwald',105,105,3.0);
INSERT INTO Region VALUES(106,255,255,255,0,NULL,'Mountains',NULL,NULL,NULL,NULL,'Krkonoe',106,106,3.0);
INSERT INTO Region VALUES(107,255,255,255,0,NULL,'Mountains',NULL,NULL,NULL,NULL,'Tatry',107,107,3.0);
INSERT INTO Region VALUES(108,255,255,255,0,NULL,'Mountains',NULL,NULL,NULL,NULL,'Provensalsk Alpy',108,108,3.0);
INSERT INTO Region VALUES(109,255,255,255,0,NULL,'Mountains',NULL,NULL,NULL,NULL,'vcarsk Alpy',109,109,3.0);
INSERT INTO Region VALUES(110,255,255,255,0,NULL,'Mountains',NULL,NULL,NULL,NULL,'Dinarsk Alpy',110,110,3.0);
INSERT INTO Region VALUES(111,255,255,255,0,NULL,'Mountains',NULL,NULL,NULL,NULL,'Okcitnsk Pyreneje',111,111,3.0);
INSERT INTO Region VALUES(112,255,255,255,0,NULL,'Mountains',NULL,NULL,NULL,NULL,'ernohorsk poho',112,112,3.0);
INSERT INTO Region VALUES(113,255,255,255,0,NULL,'Mountains',NULL,NULL,NULL,NULL,'Dinrsk hory',113,113,3.0);
INSERT INTO Region VALUES(114,255,255,255,0,NULL,'Mountains',NULL,NULL,NULL,NULL,'Jin Dolomity',114,114,3.0);
INSERT INTO Region VALUES(115,255,255,255,0,NULL,'Mountains',NULL,NULL,NULL,NULL,'Massif Central',115,115,3.0);
INSERT INTO Region VALUES(116,255,255,255,0,NULL,'Mountains',NULL,NULL,NULL,NULL,'Jihosavojsk Alpy',116,116,3.0);
INSERT INTO Region VALUES(117,255,255,255,0,NULL,'Mountains',NULL,NULL,NULL,NULL,'Rakousk Alpy',117,117,3.0);
INSERT INTO Region VALUES(118,255,255,255,0,NULL,'Mountains',NULL,NULL,NULL,NULL,'Albnsk poho',118,118,3.0);
INSERT INTO Region VALUES(119,255,255,255,0,NULL,'Mountains',NULL,NULL,NULL,NULL,'Severn Dolomity',119,119,3.0);
INSERT INTO Region VALUES(120,255,255,255,0,NULL,'Mountains',NULL,NULL,NULL,NULL,'Severosavojsk Alpy',120,120,3.0);
INSERT INTO Region VALUES(121,255,255,255,0,NULL,'Mountains',NULL,NULL,NULL,NULL,'Trentinsk Alpy',121,121,3.0);
INSERT INTO Region VALUES(122,255,255,255,0,NULL,'Mountains',NULL,NULL,NULL,NULL,'Alsask Alpy',122,122,3.0);
INSERT INTO Region VALUES(123,255,255,255,0,NULL,'Mountains',NULL,NULL,NULL,NULL,'Lombardsk Alpy',123,123,3.0);
INSERT INTO Region VALUES(124,255,255,255,0,NULL,'Mountains',NULL,NULL,NULL,NULL,'Aostsk Alpy',124,124,3.0);
INSERT INTO Region VALUES(125,255,255,255,0,NULL,'Mountains',NULL,NULL,NULL,NULL,'Bordeauxsk Pyreneje',125,125,3.0);
CREATE TABLE IF NOT EXISTS "SoldierType"(
    "Symbol" TEXT NOT NULL CONSTRAINT "PK_SoldierType" PRIMARY KEY,
    "AttackPower" INTEGER NOT NULL,
    "Capacity" INTEGER NULL,
    "DefensePower" INTEGER NOT NULL,
    "Discriminator" TEXT NOT NULL,
    "Name" TEXT NOT NULL,
    "Price" INTEGER NOT NULL,
    "Speed" INTEGER NULL,
    "Text" TEXT NOT NULL,
    "Weight" INTEGER NOT NULL
);
INSERT INTO SoldierType VALUES('',1,NULL,1,'Pedestrian','Pk',1,NULL,'Sla: 1<br/>Hmotnost:1',1);
INSERT INTO SoldierType VALUES('',0,200,0,'Ship','Lo',100,NULL,'Nosnost:200',500);
INSERT INTO SoldierType VALUES('',8,NULL,2,'Elephant','Slon',6,2,'Sla v toku: 8<br/>Sla v obran: 2<br/>Hmotnost: 10<br/>Rychlost: 2 (me jt pes hory)',10);
INSERT INTO SoldierType VALUES('f',0,NULL,0,'OutlandishShip','Fnick lo',100,2,'Nosnost: 400<br/>Rychlost: 2',500);
INSERT INTO SoldierType VALUES('',130,NULL,130,'OutlandishShip','Germnsk bojov veslice',130,1,'Sla: 130<br/>Nosnost: 120',500);
DELETE FROM sqlite_sequence;
INSERT INTO sqlite_sequence VALUES('Point',960);
INSERT INTO sqlite_sequence VALUES('Shape',125);
INSERT INTO sqlite_sequence VALUES('Region',125);
INSERT INTO sqlite_sequence VALUES('Soldiers',125);
INSERT INTO sqlite_sequence VALUES('Regiment',93);
INSERT INTO sqlite_sequence VALUES('RegionSoldierType',5);
INSERT INTO sqlite_sequence VALUES('Games',1);
INSERT INTO sqlite_sequence VALUES('Action',0);
CREATE INDEX "IX_Point_ShapeId1" ON "Point"("ShapeId1");
CREATE INDEX "IX_RegionSoldierType_RegionId" ON "RegionSoldierType"("RegionId");
CREATE INDEX "IX_RegionSoldierType_SoldierTypeSymbol" ON "RegionSoldierType"("SoldierTypeSymbol");
CREATE INDEX "IX_Sessions_P" ON "Sessions"("P");
CREATE UNIQUE INDEX "IX_Shape_CenterId" ON "Shape"("CenterId");
CREATE INDEX "IX_Regiment_SoldiersId" ON "Regiment"("SoldiersId");
CREATE INDEX "IX_Regiment_TypeSymbol" ON "Regiment"("TypeSymbol");
CREATE INDEX "IX_Action_PlayerName" ON "Action"("PlayerName");
CREATE UNIQUE INDEX "IX_Action_SoldiersId" ON "Action"("SoldiersId");
CREATE INDEX "IX_Players_GameId" ON "Players"("GameId");
CREATE INDEX "IX_Provinces_PlayerName" ON "Provinces"("PlayerName");
CREATE INDEX "IX_Provinces_RegionId" ON "Provinces"("RegionId");
CREATE UNIQUE INDEX "IX_Provinces_SoldiersId" ON "Provinces"("SoldiersId");
CREATE UNIQUE INDEX "IX_Region_ShapeId" ON "Region"("ShapeId");
CREATE UNIQUE INDEX "IX_Region_SoldiersId" ON "Region"("SoldiersId");
COMMIT;
